code	isolate_name	long_read_accession	long_read_assembly_name	long_read_assembly_type	long_read_tech	long_read_contig_n50_ncbi	long_read_length	long_read_in_sd6	short_read_source	short_read_member	short_read_in_sd6	peter_ploidy	peter_zygosity	peter_aneuploidies	scrap_sequenced_as	scrap_zygosity	scrap_ploidy	match_evidence
AAB	CBS422a	GCA_949124225.1	AAB	haploid/collapsed assemblies	Oxford Nanopore Technology (ONT) and Illumina Hiseq 2000	802318	12063471	yes	Peter et al. 2018, 1011Assemblies.tar.gz	GENOMES_ASSEMBLED/AAB_6.re.fa	yes	1	homozygous	euploid	haploid	homozygous	1	standardized name AAB in ScRAP Supplementary Table 1 and Peter et al. 2018 Table S1; isolate name CBS422a in both
AAC	CBS2165a	GCA_949124335.1	AAC_collapsed	haploid/collapsed assemblies	Oxford Nanopore Technology (ONT) and Illumina Hiseq 2000	944229	11969102	yes	Peter et al. 2018, 1011Assemblies.tar.gz	GENOMES_ASSEMBLED/AAC_6.re.fa	yes	2	heterozygous	euploid	diploid	heterozygous	2	standardized name AAC in ScRAP Supplementary Table 1 and Peter et al. 2018 Table S1; isolate name CBS2165a in both
AAR	CLIB382_1b	GCA_949124305.1	AAR	haploid/collapsed assemblies	Oxford Nanopore Technology (ONT) and Illumina Hiseq 2000	905389	11920395	yes	Peter et al. 2018, 1011Assemblies.tar.gz	GENOMES_ASSEMBLED/AAR_3.re.fa	yes	1	homozygous	euploid	haploid	homozygous	1	standardized name AAR in ScRAP Supplementary Table 1 and Peter et al. 2018 Table S1; isolate name CLIB382_1b in both
ABA	YJM326_b	GCA_949124355.1	ABA	haploid/collapsed assemblies	Oxford Nanopore Technology (ONT) and Illumina Hiseq 2000	934841	12109277	yes	Peter et al. 2018, 1011Assemblies.tar.gz	GENOMES_ASSEMBLED/ABA_3.re.fa	yes	1	homozygous	euploid	haploid	homozygous	1	standardized name ABA in ScRAP Supplementary Table 1 and Peter et al. 2018 Table S1; isolate name YJM326_b in both
ABH	YJM454_1b	GCA_949124325.1	ABH	haploid/collapsed assemblies	Oxford Nanopore Technology (ONT) and Illumina Hiseq 2000	901459	11911399	yes	Peter et al. 2018, 1011Assemblies.tar.gz	GENOMES_ASSEMBLED/ABH_5.re.fa	yes	1	homozygous	euploid	haploid	homozygous	1	standardized name ABH in ScRAP Supplementary Table 1 and Peter et al. 2018 Table S1; isolate name YJM454_1b in both
ACA	EM93_3	GCA_949124315.1	ACA	haploid/collapsed assemblies	Oxford Nanopore Technology (ONT) and Illumina Hiseq 2000	907964	12292069	yes	Peter et al. 2018, 1011Assemblies.tar.gz	GENOMES_ASSEMBLED/ACA_6.re.fa	yes	1	homozygous	euploid	haploid	homozygous	1	standardized name ACA in ScRAP Supplementary Table 1 and Peter et al. 2018 Table S1; isolate name EM93_3 in both
ACH	CLIB483_1b	GCA_949124295.1	ACH	haploid/collapsed assemblies	Oxford Nanopore Technology (ONT) and Illumina Hiseq 2000	923966	12167093	yes	Peter et al. 2018, 1011Assemblies.tar.gz	GENOMES_ASSEMBLED/ACH_7.re.fa	yes	1	homozygous	euploid	haploid	homozygous	1	standardized name ACH in ScRAP Supplementary Table 1 and Peter et al. 2018 Table S1; isolate name CLIB483_1b in both
ADE	PW5_b	GCA_949124235.1	ADE	haploid/collapsed assemblies	Oxford Nanopore Technology (ONT) and Illumina Hiseq 2000	909898	11799794	yes	Peter et al. 2018, 1011Assemblies.tar.gz	GENOMES_ASSEMBLED/ADE_2.re.fa	no	1	homozygous	euploid	haploid	homozygous	1	standardized name ADE in ScRAP Supplementary Table 1 and Peter et al. 2018 Table S1; isolate name PW5_b in both
ADI	YJM981_b	GCA_949124275.1	ADI	haploid/collapsed assemblies	Oxford Nanopore Technology (ONT) and Illumina Hiseq 2000	920639	12927157	yes	Peter et al. 2018, 1011Assemblies.tar.gz	GENOMES_ASSEMBLED/ADI_4.re.fa	yes	1	homozygous	euploid	haploid	homozygous	1	standardized name ADI in ScRAP Supplementary Table 1 and Peter et al. 2018 Table S1; isolate name YJM981_b in both
ADM	CLIB324_2	GCA_949124375.1	ADM_collapsed	haploid/collapsed assemblies	Oxford Nanopore Technology (ONT) and Illumina Hiseq 2000	861173	11867135	yes	Peter et al. 2018, 1011Assemblies.tar.gz	GENOMES_ASSEMBLED/ADM_2.re.fa	yes	2	heterozygous	euploid	diploid	heterozygous	2	standardized name ADM in ScRAP Supplementary Table 1 and Peter et al. 2018 Table S1; isolate name CLIB324_2 in both
ADQ	K12_2	GCA_949124215.1	ADQ	haploid/collapsed assemblies	Oxford Nanopore Technology (ONT) and Illumina Hiseq 2000	805796	11820343	yes	Peter et al. 2018, 1011Assemblies.tar.gz	GENOMES_ASSEMBLED/ADQ_4.re.fa	yes	1	homozygous	euploid	haploid	homozygous	1	standardized name ADQ in ScRAP Supplementary Table 1 and Peter et al. 2018 Table S1; isolate name K12_2 in both
ADS	T73_1b	GCA_949124145.1	ADS	haploid/collapsed assemblies	Oxford Nanopore Technology (ONT) and Illumina Hiseq 2000	787665	11691449	yes	Peter et al. 2018, 1011Assemblies.tar.gz	GENOMES_ASSEMBLED/ADS_4.re.fa	yes	2	homozygous	euploid	diploid	homozygous	2	standardized name ADS in ScRAP Supplementary Table 1 and Peter et al. 2018 Table S1; isolate name T73_1b in both
AEG	CBS7962	GCA_949124055.1	AEG	haploid/collapsed assemblies	Oxford Nanopore Technology (ONT) and Illumina Hiseq 2000	922520	11965478	yes	Peter et al. 2018, 1011Assemblies.tar.gz	GENOMES_ASSEMBLED/AEG_8.re.fa	yes	1	homozygous	euploid	haploid	homozygous	1	standardized name AEG in ScRAP Supplementary Table 1 and Peter et al. 2018 Table S1; isolate name CBS7962 in both
AEH	CBS7964	GCA_949124265.1	AEH	haploid/collapsed assemblies	Oxford Nanopore Technology (ONT) and Illumina Hiseq 2000	922731	12093243	yes	Peter et al. 2018, 1011Assemblies.tar.gz	GENOMES_ASSEMBLED/AEH_3.re.fa	yes	1	homozygous	euploid	haploid	homozygous	1	standardized name AEH in ScRAP Supplementary Table 1 and Peter et al. 2018 Table S1; isolate name CBS7964 in both
AEL	CBS1394	GCA_949124135.1	AEL_collapsed	haploid/collapsed assemblies	Oxford Nanopore Technology (ONT) and Illumina Hiseq 2000	910554	12078639	yes	Peter et al. 2018, 1011Assemblies.tar.gz	GENOMES_ASSEMBLED/AEL_3.re.fa	yes	2	heterozygous	euploid	diploid	heterozygous	2	standardized name AEL in ScRAP Supplementary Table 1 and Peter et al. 2018 Table S1; isolate name CBS1394 in both
AFH	CBS1509	GCA_949124075.1	AFH	haploid/collapsed assemblies	Oxford Nanopore Technology (ONT) and Illumina Hiseq 2000	908550	12090586	yes	Peter et al. 2018, 1011Assemblies.tar.gz	GENOMES_ASSEMBLED/AFH_4.re.fa	yes	1	homozygous	euploid	haploid	homozygous	1	standardized name AFH in ScRAP Supplementary Table 1 and Peter et al. 2018 Table S1; isolate name CBS1509 in both
AFI	CBS2183	GCA_949124405.1	AFI	haploid/collapsed assemblies	Oxford Nanopore Technology (ONT) and Illumina Hiseq 2000	909263	11884701	yes	Peter et al. 2018, 1011Assemblies.tar.gz	GENOMES_ASSEMBLED/AFI_5.re.fa	yes	1	homozygous	euploid	haploid	homozygous	1	standardized name AFI in ScRAP Supplementary Table 1 and Peter et al. 2018 Table S1; isolate name CBS2183 in both
AGK	CBS2361	GCA_949124045.1	AGK	haploid/collapsed assemblies	Oxford Nanopore Technology (ONT) and Illumina Hiseq 2000	951898	12078496	yes	Peter et al. 2018, 1011Assemblies.tar.gz	GENOMES_ASSEMBLED/AGK_1.re.fa	yes	1	homozygous	euploid	haploid	homozygous	1	standardized name AGK in ScRAP Supplementary Table 1 and Peter et al. 2018 Table S1; isolate name CBS2361 in both
AHG	CBS1586	GCA_949124395.1	AHG	haploid/collapsed assemblies	Oxford Nanopore Technology (ONT) and Illumina Hiseq 2000	919631	11841448	yes	Peter et al. 2018, 1011Assemblies.tar.gz	GENOMES_ASSEMBLED/AHG_3.re.fa	yes	1	homozygous	euploid	haploid	homozygous	1	standardized name AHG in ScRAP Supplementary Table 1 and Peter et al. 2018 Table S1; isolate name CBS1586 in both
AHL	CBS3081	GCA_949124345.1	AHL	haploid/collapsed assemblies	Oxford Nanopore Technology (ONT) and Illumina Hiseq 2000	938365	12066693	yes	Peter et al. 2018, 1011Assemblies.tar.gz	GENOMES_ASSEMBLED/AHL_3.re.fa	yes	1	homozygous	euploid	haploid	homozygous	1	standardized name AHL in ScRAP Supplementary Table 1 and Peter et al. 2018 Table S1; isolate name CBS3081 in both
AIC	CBS2807	GCA_949124365.1	AIC	haploid/collapsed assemblies	Oxford Nanopore Technology (ONT) and Illumina Hiseq 2000	902138	11871368	yes	Peter et al. 2018, 1011Assemblies.tar.gz	GENOMES_ASSEMBLED/AIC_1.re.fa	yes	1	homozygous	euploid	haploid	homozygous	1	standardized name AIC in ScRAP Supplementary Table 1 and Peter et al. 2018 Table S1; isolate name CBS2807 in both
AIE	CBS2910	GCA_949124095.1	AIE	haploid/collapsed assemblies	Oxford Nanopore Technology (ONT) and Illumina Hiseq 2000	926018	11929080	yes	Peter et al. 2018, 1011Assemblies.tar.gz	GENOMES_ASSEMBLED/AIE_1.re.fa	yes	1	homozygous	aneu;+1*9;	haploid	homozygous	1	standardized name AIE in ScRAP Supplementary Table 1 and Peter et al. 2018 Table S1; isolate name CBS2910 in both
AIF	CBS457	GCA_949124435.1	AIF_collapsed	haploid/collapsed assemblies	Oxford Nanopore Technology (ONT) and Illumina Hiseq 2000	863079	12126785	yes	Peter et al. 2018, 1011Assemblies.tar.gz	GENOMES_ASSEMBLED/AIF_1.re.fa	yes	2	heterozygous	euploid	diploid	heterozygous	2	standardized name AIF in ScRAP Supplementary Table 1 and Peter et al. 2018 Table S1; isolate name CBS457 in both
AIG	CBS1463	GCA_949124105.1	AIG	haploid/collapsed assemblies	Oxford Nanopore Technology (ONT) and Illumina Hiseq 2000	911048	11952679	yes	Peter et al. 2018, 1011Assemblies.tar.gz	GENOMES_ASSEMBLED/AIG_2.re.fa	yes	1	homozygous	euploid	haploid	homozygous	1	standardized name AIG in ScRAP Supplementary Table 1 and Peter et al. 2018 Table S1; isolate name CBS1463 in both
AKR	CLQCA_05-006	GCA_949124165.1	AKR_collapsed	haploid/collapsed assemblies	Oxford Nanopore Technology (ONT) and Illumina Hiseq 2000	895238	11843924	yes	Peter et al. 2018, 1011Assemblies.tar.gz	GENOMES_ASSEMBLED/AKR_3.re.fa	yes	2	heterozygous	euploid	diploid	heterozygous	2	standardized name AKR in ScRAP Supplementary Table 1 and Peter et al. 2018 Table S1; isolate name CLQCA_05-006 in both
ALI	CLQCA_20-060	GCA_949124195.1	ALI_collapsed	haploid/collapsed assemblies	Oxford Nanopore Technology (ONT) and Illumina Hiseq 2000	814895	12254196	yes	Peter et al. 2018, 1011Assemblies.tar.gz	GENOMES_ASSEMBLED/ALI_5.re.fa	yes	2	heterozygous	euploid	diploid	heterozygous	2	standardized name ALI in ScRAP Supplementary Table 1 and Peter et al. 2018 Table S1; isolate name CLQCA_20-060 in both
ANE	YPS134	GCA_949124185.1	ANE	haploid/collapsed assemblies	Oxford Nanopore Technology (ONT) and Illumina Hiseq 2000	666278	11882528	yes	Peter et al. 2018, 1011Assemblies.tar.gz	GENOMES_ASSEMBLED/ANE_4.re.fa	yes	2	homozygous	euploid	diploid	homozygous	2	standardized name ANE in ScRAP Supplementary Table 1 and Peter et al. 2018 Table S1; isolate name YPS134 in both
ANL	A-6	GCA_949124415.1	ANL_collapsed	haploid/collapsed assemblies	Oxford Nanopore Technology (ONT) and Illumina Hiseq 2000	913901	11783953	yes	Peter et al. 2018, 1011Assemblies.tar.gz	GENOMES_ASSEMBLED/ANL_2.re.fa	yes	4	heterozygous	euploid	tetraploid	heterozygous	4	standardized name ANL in ScRAP Supplementary Table 1 and Peter et al. 2018 Table S1; isolate name A-6 in both
ANM	A-18	GCA_949124205.1	ANM_collapsed	haploid/collapsed assemblies	Oxford Nanopore Technology (ONT) and Illumina Hiseq 2000	920589	11949778	yes	Peter et al. 2018, 1011Assemblies.tar.gz	GENOMES_ASSEMBLED/ANM_2.re.fa	yes	4	heterozygous	euploid	tetraploid	heterozygous	4	standardized name ANM in ScRAP Supplementary Table 1 and Peter et al. 2018 Table S1; isolate name A-18 in both
APG	VF8_(6)	GCA_949124575.1	APG	haploid/collapsed assemblies	Oxford Nanopore Technology (ONT) and Illumina Hiseq 2000	926076	12098357	yes	Peter et al. 2018, 1011Assemblies.tar.gz	GENOMES_ASSEMBLED/APG_4.re.fa	yes	1	homozygous	euploid	haploid	homozygous	1	standardized name APG in ScRAP Supplementary Table 1 and Peter et al. 2018 Table S1; isolate name VF8_(6) in both
ASB	CBS4255	GCA_949122135.1	ASB_HP2	diploid assemblies	Oxford Nanopore Technology (ONT) and Illumina Hiseq 2000	816540	12078710	yes	Peter et al. 2018, 1011Assemblies.tar.gz	GENOMES_ASSEMBLED/ASB_2.re.fa	yes	2	heterozygous	euploid	diploid	heterozygous	2	standardized name ASB in ScRAP Supplementary Table 1 and Peter et al. 2018 Table S1; isolate name CBS4255 in both
ASG	CBS1489	GCA_949124595.1	ASG	haploid/collapsed assemblies	Oxford Nanopore Technology (ONT) and Illumina Hiseq 2000	915584	11894638	yes	Peter et al. 2018, 1011Assemblies.tar.gz	GENOMES_ASSEMBLED/ASG_3.re.fa	yes	2	homozygous	aneu;+2*2;+1*3;+1*8;+1*10;	diploid	homozygous	2	standardized name ASG in ScRAP Supplementary Table 1 and Peter et al. 2018 Table S1; isolate name CBS1489 in both
ASN	CLIB630	GCA_949124585.1	ASN_collapsed	haploid/collapsed assemblies	Oxford Nanopore Technology (ONT) and Illumina Hiseq 2000	635811	11828961	yes	Peter et al. 2018, 1011Assemblies.tar.gz	GENOMES_ASSEMBLED/ASN_8.re.fa	yes	2	heterozygous	euploid	diploid	heterozygous	2	standardized name ASN in ScRAP Supplementary Table 1 and Peter et al. 2018 Table S1; isolate name CLIB630 in both
ATV	CECT1462	GCA_949124625.1	ATV_collapsed	haploid/collapsed assemblies	Oxford Nanopore Technology (ONT) and Illumina Hiseq 2000	913090	11963809	yes	Peter et al. 2018, 1011Assemblies.tar.gz	GENOMES_ASSEMBLED/ATV_5.re.fa	yes	4	heterozygous	euploid	tetraploid	heterozygous	4	standardized name ATV in ScRAP Supplementary Table 1 and Peter et al. 2018 Table S1; isolate name CECT1462 in both
AVB	CECT10266	GCA_949124775.1	AVB	haploid/collapsed assemblies	Oxford Nanopore Technology (ONT) and Illumina Hiseq 2000	839458	11902943	yes	Peter et al. 2018, 1011Assemblies.tar.gz	GENOMES_ASSEMBLED/AVB_8.re.fa	yes	1	homozygous	euploid	haploid	homozygous	1	standardized name AVB in ScRAP Supplementary Table 1 and Peter et al. 2018 Table S1; isolate name CECT10266 in both
AVN	CH02	GCA_949124485.1	AVN_collapsed	haploid/collapsed assemblies	Oxford Nanopore Technology (ONT) and Illumina Hiseq 2000	916454	11789387	yes	Peter et al. 2018, 1011Assemblies.tar.gz	GENOMES_ASSEMBLED/AVN_5.re.fa	yes	4	heterozygous	euploid	tetraploid	heterozygous	4	standardized name AVN in ScRAP Supplementary Table 1 and Peter et al. 2018 Table S1; isolate name CH02 in both
BAD	DJ71	GCA_949125245.1	BAD_collapsed	haploid/collapsed assemblies	Oxford Nanopore Technology (ONT) and Illumina Hiseq 2000	928998	12078722	yes	Peter et al. 2018, 1011Assemblies.tar.gz	GENOMES_ASSEMBLED/BAD_8.re.fa	yes	3	heterozygous	euploid	triploid	heterozygous	3	standardized name BAD in ScRAP Supplementary Table 1 and Peter et al. 2018 Table S1; isolate name DJ71 in both
BAF	DJ74	GCA_949124855.1	BAF_collapsed	haploid/collapsed assemblies	Oxford Nanopore Technology (ONT) and Illumina Hiseq 2000	944666	12025847	yes	Peter et al. 2018, 1011Assemblies.tar.gz	GENOMES_ASSEMBLED/BAF_6.re.fa	yes	2	heterozygous	euploid	diploid	heterozygous	2	standardized name BAF in ScRAP Supplementary Table 1 and Peter et al. 2018 Table S1; isolate name DJ74 in both
BAH	SX3	GCA_949124635.1	BAH	haploid/collapsed assemblies	Oxford Nanopore Technology (ONT) and Illumina Hiseq 2000	766727	11861488	yes	Peter et al. 2018, 1011Assemblies.tar.gz	GENOMES_ASSEMBLED/BAH_6.re.fa	yes	2	homozygous	euploid	diploid	homozygous	2	standardized name BAH in ScRAP Supplementary Table 1 and Peter et al. 2018 Table S1; isolate name SX3 in both
BAM	HN10	GCA_949124505.1	BAM	haploid/collapsed assemblies	Oxford Nanopore Technology (ONT) and Illumina Hiseq 2000	437892	12155023	yes	Peter et al. 2018, 1011Assemblies.tar.gz	GENOMES_ASSEMBLED/BAM_7.re.fa	yes	2	homozygous	euploid	diploid	homozygous	2	standardized name BAM in ScRAP Supplementary Table 1 and Peter et al. 2018 Table S1; isolate name HN10 in both
BBF	CCY_21-4-102	GCA_949124735.1	BBF_collapsed	haploid/collapsed assemblies	Oxford Nanopore Technology (ONT) and Illumina Hiseq 2000	928157	12247159	yes	Peter et al. 2018, 1011Assemblies.tar.gz	GENOMES_ASSEMBLED/BBF_6.re.fa	yes	2	heterozygous	euploid	diploid	heterozygous	2	standardized name BBF in ScRAP Supplementary Table 1 and Peter et al. 2018 Table S1; isolate name CCY_21-4-102 in both
BBL	IMB-53	GCA_949124645.1	BBL	haploid/collapsed assemblies	Oxford Nanopore Technology (ONT) and Illumina Hiseq 2000	798707	11996832	yes	Peter et al. 2018, 1011Assemblies.tar.gz	GENOMES_ASSEMBLED/BBL_6.re.fa	yes	2	homozygous	aneu;+1*5;+1*8;+1*9;+1*12;+1*14;	diploid	homozygous	2	standardized name BBL in ScRAP Supplementary Table 1 and Peter et al. 2018 Table S1; isolate name IMB-53 in both
BBT	2281	GCA_949124495.1	BBT_collapsed	haploid/collapsed assemblies	Oxford Nanopore Technology (ONT) and Illumina Hiseq 2000	925663	12222508	yes	Peter et al. 2018, 1011Assemblies.tar.gz	GENOMES_ASSEMBLED/BBT_3.re.fa	yes	3	heterozygous	euploid	triploid	heterozygous	3	standardized name BBT in ScRAP Supplementary Table 1 and Peter et al. 2018 Table S1; isolate name 2281 in both
BCN	HE015	GCA_949124525.1	BCN	haploid/collapsed assemblies	Oxford Nanopore Technology (ONT) and Illumina Hiseq 2000	872480	11870699	yes	Peter et al. 2018, 1011Assemblies.tar.gz	GENOMES_ASSEMBLED/BCN_8.re.fa	yes	1	homozygous	euploid	haploid	homozygous	1	standardized name BCN in ScRAP Supplementary Table 1 and Peter et al. 2018 Table S1; isolate name HE015 in both
BEM	CLIB653	GCA_949124795.1	BEM_collapsed	haploid/collapsed assemblies	Oxford Nanopore Technology (ONT) and Illumina Hiseq 2000	799201	11881333	yes	Peter et al. 2018, 1011Assemblies.tar.gz	GENOMES_ASSEMBLED/BEM_7.re.fa	yes	4	heterozygous	euploid	tetraploid	heterozygous	4	standardized name BEM in ScRAP Supplementary Table 1 and Peter et al. 2018 Table S1; isolate name CLIB653 in both
BFH	EXF-5871	GCA_949124705.1	BFH_collapsed	haploid/collapsed assemblies	Oxford Nanopore Technology (ONT) and Illumina Hiseq 2000	919213	12149535	yes	Peter et al. 2018, 1011Assemblies.tar.gz	GENOMES_ASSEMBLED/BFH_3.re.fa	yes	2	heterozygous	euploid	diploid	heterozygous	2	standardized name BFH in ScRAP Supplementary Table 1 and Peter et al. 2018 Table S1; isolate name EXF-5871 in both
BHH	CLIB1071	GCA_949124695.1	BHH	haploid/collapsed assemblies	Oxford Nanopore Technology (ONT) and Illumina Hiseq 2000	802025	11994015	yes	Peter et al. 2018, 1011Assemblies.tar.gz	GENOMES_ASSEMBLED/BHH_2.re.fa	yes	2	homozygous	euploid	diploid	homozygous	2	standardized name BHH in ScRAP Supplementary Table 1 and Peter et al. 2018 Table S1; isolate name CLIB1071 in both
BMB	UWOPS03-433.3	GCA_949124605.1	BMB	haploid/collapsed assemblies	Oxford Nanopore Technology (ONT) and Illumina Hiseq 2000	815141	11830859	yes	Peter et al. 2018, 1011Assemblies.tar.gz	GENOMES_ASSEMBLED/BMB_1.re.fa	yes	2	homozygous	euploid	diploid	homozygous	2	standardized name BMB in ScRAP Supplementary Table 1 and Peter et al. 2018 Table S1; isolate name UWOPS03-433.3 in both
BPG	DBVPG1841	GCA_949124845.1	BPG	haploid/collapsed assemblies	Oxford Nanopore Technology (ONT) and Illumina Hiseq 2000	927280	12099820	yes	Peter et al. 2018, 1011Assemblies.tar.gz	GENOMES_ASSEMBLED/BPG_4.re.fa	yes	2	homozygous	aneu;+1*1;	diploid	homozygous	2	standardized name BPG in ScRAP Supplementary Table 1 and Peter et al. 2018 Table S1; isolate name DBVPG1841 in both
BPK	DBVPG1861	GCA_949124965.1	BPK_collapsed	haploid/collapsed assemblies	Oxford Nanopore Technology (ONT) and Illumina Hiseq 2000	936954	11676123	yes	Peter et al. 2018, 1011Assemblies.tar.gz	GENOMES_ASSEMBLED/BPK_4.re.fa	yes	2	heterozygous	euploid	diploid	heterozygous	2	standardized name BPK in ScRAP Supplementary Table 1 and Peter et al. 2018 Table S1; isolate name DBVPG1861 in both
BTE	YS8(E)	GCA_949124925.1	BTE_collapsed	haploid/collapsed assemblies	Oxford Nanopore Technology (ONT) and Illumina Hiseq 2000	919548	12101048	yes	Peter et al. 2018, 1011Assemblies.tar.gz	GENOMES_ASSEMBLED/BTE_3.re.fa	yes	4	heterozygous	euploid	tetraploid	heterozygous	4	standardized name BTE in ScRAP Supplementary Table 1 and Peter et al. 2018 Table S1; isolate name YS8(E) in both
CBK	1	GCA_949125905.1	CBK	haploid/collapsed assemblies	Oxford Nanopore Technology (ONT) and Illumina Hiseq 2000	933754	12250244	yes	Peter et al. 2018, 1011Assemblies.tar.gz	GENOMES_ASSEMBLED/CBK_4.re.fa	yes	1	homozygous	euploid	haploid	homozygous	1	standardized name CBK in ScRAP Supplementary Table 1 and Peter et al. 2018 Table S1; isolate name 1 in both
CBM	3	GCA_949125735.1	CBM_collapsed	haploid/collapsed assemblies	Oxford Nanopore Technology (ONT) and Illumina Hiseq 2000	501916	11970652	yes	Peter et al. 2018, 1011Assemblies.tar.gz	GENOMES_ASSEMBLED/CBM_4.re.fa	yes	2	heterozygous	euploid	diploid	heterozygous	2	standardized name CBM in ScRAP Supplementary Table 1 and Peter et al. 2018 Table S1; isolate name 3 in both
CCN	VKM_Y-504:S	GCA_949125475.1	CCN	haploid/collapsed assemblies	Oxford Nanopore Technology (ONT) and Illumina Hiseq 2000	914730	11885734	yes	Peter et al. 2018, 1011Assemblies.tar.gz	GENOMES_ASSEMBLED/CCN_1.re.fa	yes	2	homozygous	euploid	diploid	homozygous	2	standardized name CCN in ScRAP Supplementary Table 1 and Peter et al. 2018 Table S1; isolate name VKM_Y-504:S in both
CDA	S8BM-32-4D(a)	GCA_949125565.1	CDA	haploid/collapsed assemblies	Oxford Nanopore Technology (ONT) and Illumina Hiseq 2000	927493	12102675	yes	Peter et al. 2018, 1011Assemblies.tar.gz	GENOMES_ASSEMBLED/CDA_2.re.fa	yes	1	homozygous	euploid	haploid	homozygous	1	standardized name CDA in ScRAP Supplementary Table 1 and Peter et al. 2018 Table S1; isolate name S8BM-32-4D(a) in both
CFA	Dji2-2A(a)	GCA_949124865.1	CFA	haploid/collapsed assemblies	Oxford Nanopore Technology (ONT) and Illumina Hiseq 2000	916282	11827564	yes	Peter et al. 2018, 1011Assemblies.tar.gz	GENOMES_ASSEMBLED/CFA_4.re.fa	yes	2	homozygous	euploid	diploid	homozygous	2	standardized name CFA in ScRAP Supplementary Table 1 and Peter et al. 2018 Table S1; isolate name Dji2-2A(a) in both
CFC	4.5_WLP530	GCA_949125035.1	CFC_collapsed	haploid/collapsed assemblies	Oxford Nanopore Technology (ONT) and Illumina Hiseq 2000	801940	11855947	yes	Peter et al. 2018, 1011Assemblies.tar.gz	GENOMES_ASSEMBLED/CFC_2.re.fa	yes	4	heterozygous	aneu;-1*12;	tetraploid	heterozygous	4	standardized name CFC in ScRAP Supplementary Table 1 and Peter et al. 2018 Table S1; isolate name 4.5_WLP530 in both
CFF	6.2_WLP570	GCA_949125025.1	CFF_collapsed	haploid/collapsed assemblies	Oxford Nanopore Technology (ONT) and Illumina Hiseq 2000	618103	12073622	yes	Peter et al. 2018, 1011Assemblies.tar.gz	GENOMES_ASSEMBLED/CFF_4.re.fa	yes	2	heterozygous	euploid	diploid	heterozygous	2	standardized name CFF in ScRAP Supplementary Table 1 and Peter et al. 2018 Table S1; isolate name 6.2_WLP570 in both
CFS	UCD_40-255	GCA_949125725.1	CFS	haploid/collapsed assemblies	Oxford Nanopore Technology (ONT) and Illumina Hiseq 2000	914684	11838738	yes	Peter et al. 2018, 1011Assemblies.tar.gz	GENOMES_ASSEMBLED/CFS_4.re.fa	yes	4	homozygous	aneu;+1*2;-1*6;	triploid	homozygous	3	standardized name CFS in ScRAP Supplementary Table 1 and Peter et al. 2018 Table S1; isolate name UCD_40-255 in both
CIC	Ponton 11	GCA_949124945.1	CIC_collapsed	haploid/collapsed assemblies	Oxford Nanopore Technology (ONT) and Illumina Hiseq 2000	589802	11962569	yes	Peter et al. 2018, 1011Assemblies.tar.gz	GENOMES_ASSEMBLED/CIC_4.re.fa	yes	2	heterozygous	euploid	diploid	heterozygous	2	standardized name CIC in ScRAP Supplementary Table 1 and Peter et al. 2018 Table S1; isolate name Ponton 11 in both
CIH	PB12	GCA_949125675.1	CIH_collapsed	haploid/collapsed assemblies	Oxford Nanopore Technology (ONT) and Illumina Hiseq 2000	793139	11917522	yes	Peter et al. 2018, 1011Assemblies.tar.gz	GENOMES_ASSEMBLED/CIH_2.re.fa	yes	2	heterozygous	euploid	diploid	heterozygous	2	standardized name CIH in ScRAP Supplementary Table 1 and Peter et al. 2018 Table S1; isolate name PB12 in both
CKB	malade 98 1655/125391	GCA_949125415.1	CKB_collapsed	haploid/collapsed assemblies	Oxford Nanopore Technology (ONT) and Illumina Hiseq 2000	909873	11838583	yes	Peter et al. 2018, 1011Assemblies.tar.gz	GENOMES_ASSEMBLED/CKB_3.re.fa	yes	2	heterozygous	euploid	diploid	heterozygous	2	standardized name CKB in ScRAP Supplementary Table 1 and Peter et al. 2018 Table S1; isolate name malade 98 1655/125391 in both
CLL	K10	GCA_949125335.1	CLL_collapsed	haploid/collapsed assemblies	Oxford Nanopore Technology (ONT) and Illumina Hiseq 2000	913377	11914925	yes	Peter et al. 2018, 1011Assemblies.tar.gz	GENOMES_ASSEMBLED/CLL_4.re.fa	yes	2	heterozygous	euploid	diploid	heterozygous	2	standardized name CLL in ScRAP Supplementary Table 1 and Peter et al. 2018 Table S1; isolate name K10 in both
CLN	K14	GCA_949124915.1	CLN	haploid/collapsed assemblies	Oxford Nanopore Technology (ONT) and Illumina Hiseq 2000	902452	11983768	yes	Peter et al. 2018, 1011Assemblies.tar.gz	GENOMES_ASSEMBLED/CLN_4.re.fa	yes	2	homozygous	euploid	diploid	homozygous	2	standardized name CLN in ScRAP Supplementary Table 1 and Peter et al. 2018 Table S1; isolate name K14 in both
CMF	RIB6001	GCA_949125345.1	CMF_collapsed	haploid/collapsed assemblies	Oxford Nanopore Technology (ONT) and Illumina Hiseq 2000	904835	11978339	yes	Peter et al. 2018, 1011Assemblies.tar.gz	GENOMES_ASSEMBLED/CMF_6.re.fa	yes	2	heterozygous	aneu;+1*3;	diploid	heterozygous	2	standardized name CMF in ScRAP Supplementary Table 1 and Peter et al. 2018 Table S1; isolate name RIB6001 in both
CNT	RP11.4.11	GCA_949126085.1	CNT_collapsed	haploid/collapsed assemblies	Oxford Nanopore Technology (ONT) and Illumina Hiseq 2000	803916	12244552	yes	Peter et al. 2018, 1011Assemblies.tar.gz	GENOMES_ASSEMBLED/CNT_4.re.fa	yes	2	heterozygous	euploid	diploid	heterozygous	2	standardized name CNT in ScRAP Supplementary Table 1 and Peter et al. 2018 Table S1; isolate name RP11.4.11 in both
CPS	FTPW4	GCA_949125785.1	CPS_collapsed	haploid/collapsed assemblies	Oxford Nanopore Technology (ONT) and Illumina Hiseq 2000	930076	12238627	yes	Peter et al. 2018, 1011Assemblies.tar.gz	GENOMES_ASSEMBLED/CPS_4.re.fa	yes	3	heterozygous	euploid	triploid	heterozygous	3	standardized name CPS in ScRAP Supplementary Table 1 and Peter et al. 2018 Table S1; isolate name FTPW4 in both
CRE	CLQCA_17-111	GCA_949125295.1	CRE_collapsed	haploid/collapsed assemblies	Oxford Nanopore Technology (ONT) and Illumina Hiseq 2000	880872	12049131	yes	Peter et al. 2018, 1011Assemblies.tar.gz	GENOMES_ASSEMBLED/CRE_2.re.fa	yes	3	heterozygous	euploid	triploid	heterozygous	3	standardized name CRE in ScRAP Supplementary Table 1 and Peter et al. 2018 Table S1; isolate name CLQCA_17-111 in both
CRL	C-6	GCA_949125125.1	CRL	haploid/collapsed assemblies	Oxford Nanopore Technology (ONT) and Illumina Hiseq 2000	908177	11954723	yes	Peter et al. 2018, 1011Assemblies.tar.gz	GENOMES_ASSEMBLED/CRL_.re.fa	yes	2	homozygous	euploid	diploid	homozygous	2	standardized name CRL in ScRAP Supplementary Table 1 and Peter et al. 2018 Table S1; isolate name C-6 in both
