code	isolate_name	long_read_accession	long_read_assembly_type	long_read_length	peter_zygosity	peter_aneuploidies	order_key	run_accession	sample_accession	library_name	instrument_model	read_count	base_count	fastq_1	fastq_2	md5_1	md5_2	fastq_bytes	link_evidence	depth_available	arm3_eligible	reason
ATV	CECT1462	GCA_949124625.1	haploid/collapsed assemblies	11963809	heterozygous	euploid	0637956adc5e07e401602725c7ffbfe5d4e068455088534ed8dbd07920057377	ERR1309313	SAMEA3895204	BCM_ATVOSW_r1	Illumina HiSeq 2000	20144938	4000462864	ftp.sra.ebi.ac.uk/vol1/fastq/ERR130/003/ERR1309313/ERR1309313_1.fastq.gz	ftp.sra.ebi.ac.uk/vol1/fastq/ERR130/003/ERR1309313/ERR1309313_2.fastq.gz	ddf8cb28f9de80f3ee89af5dd959cc0f	6ca3a3e65a6241b7259bb25f653e6015	1775002267;1786973139	Table S17 reads file BCM_ATVOSW_5_C39HUACXX.IND3 equals the submitted file names of ERR1309313	334.4	no	not homozygous in Peter et al. 2018
CCN	VKM_Y-504:S	GCA_949125475.1	haploid/collapsed assemblies	11885734	homozygous	euploid	0a75193d66b0230fd95223996f43ad366d499f23cb6ef468270180bbb9418f82	ERR1308732	SAMEA3895584	BCM_CCNOSW_r1	Illumina HiSeq 2000	20093366	3974312666	ftp.sra.ebi.ac.uk/vol1/fastq/ERR130/002/ERR1308732/ERR1308732_1.fastq.gz	ftp.sra.ebi.ac.uk/vol1/fastq/ERR130/002/ERR1308732/ERR1308732_2.fastq.gz	1fc2f114b951ed59f7f37bf1f366cf64	97e18792928b6b96ed350719130a536f	1786800967;1807047074	Table S17 reads file BCM_CCNOSW_1_C3PWEACXX.IND3 equals the submitted file names of ERR1308732	334.4	yes	
AEG	CBS7962	GCA_949124055.1	haploid/collapsed assemblies	11965478	homozygous	euploid	10499857cf59d61e82a44eaa864951ff11bdfb49a00a12e8298cb6096506aefe	ERR1308731	SAMEA3894974	BCM_AEGOSW_r1	Illumina HiSeq 2000	18691167	3740627312	ftp.sra.ebi.ac.uk/vol1/fastq/ERR130/001/ERR1308731/ERR1308731_1.fastq.gz	ftp.sra.ebi.ac.uk/vol1/fastq/ERR130/001/ERR1308731/ERR1308731_2.fastq.gz	0f23c39f0f227416b15b9f746726e757	20a840b51f09d72917feb3ebede81b16	1578263348;1600681677	Table S17 reads file BCM_AEGOSW_8_D2BT6ACXX.IND7 equals the submitted file names of ERR1308731	312.6	yes	
BAM	HN10	GCA_949124505.1	haploid/collapsed assemblies	12155023	homozygous	euploid	14a4e9a8222b595b59d8cf9bfdb4c1088b21d746aa6bfe0bf9155d288d6f3941	ERR1309243	SAMEA3895231	BCM_BAMOSW_r1	Illumina HiSeq 2000	18126066	3590858889	ftp.sra.ebi.ac.uk/vol1/fastq/ERR130/003/ERR1309243/ERR1309243_1.fastq.gz	ftp.sra.ebi.ac.uk/vol1/fastq/ERR130/003/ERR1309243/ERR1309243_2.fastq.gz	e2a6cfb12bb859a4f7c6202c78938e79	df26afcef8f21c7aad2b98d5a6f0c43b	1622912400;1639072186	Table S17 reads file BCM_BAMOSW_7_C39HUACXX.IND21 equals the submitted file names of ERR1309243	295.4	yes	
CBM	3	GCA_949125735.1	haploid/collapsed assemblies	11970652	heterozygous	euploid	1c7bde2202f5cba824e74638c222f9aa9d3a2e2c97a074219bc9463d4679487f	ERR1309084	SAMEA3895572	BCM_CBMOSW_r1	Illumina HiSeq 2000	19828818	3917185583	ftp.sra.ebi.ac.uk/vol1/fastq/ERR130/004/ERR1309084/ERR1309084_1.fastq.gz	ftp.sra.ebi.ac.uk/vol1/fastq/ERR130/004/ERR1309084/ERR1309084_2.fastq.gz	f6b99d4ea82f827c260eedd46f45c6d6	84df6a8840dd50535c32b29fcc5fa092	1790745013;1791997159	Table S17 reads file BCM_CBMOSW_4_C3G4CACXX.IND25 equals the submitted file names of ERR1309084	327.2	no	not homozygous in Peter et al. 2018
AVN	CH02	GCA_949124485.1	haploid/collapsed assemblies	11789387	heterozygous	euploid	22913ea6ca9c827cceca224185a773bec71c2a7f39c0341009ba37c422fc9e48	ERR1309191	SAMEA3895213	BCM_AVNOSW_r1	Illumina HiSeq 2000	22437074	4450561964	ftp.sra.ebi.ac.uk/vol1/fastq/ERR130/001/ERR1309191/ERR1309191_1.fastq.gz	ftp.sra.ebi.ac.uk/vol1/fastq/ERR130/001/ERR1309191/ERR1309191_2.fastq.gz	91c10b4026b4471e9e426f479c6297d2	d38f6a11fec8ba8bf415fa287012b5a3	1970891631;1989782882	Table S17 reads file BCM_AVNOSW_5_C39HUACXX.IND5 equals the submitted file names of ERR1309191	377.5	no	not homozygous in Peter et al. 2018
CFC	4.5_WLP530	GCA_949125035.1	haploid/collapsed assemblies	11855947	heterozygous	aneu;-1*12;	2616676c38e10d874180dd4cec217b5798295a5141ee5bc2b214c8e8ba21aa00	ERR1308839	SAMEA3895631	BCM_CFCOSW_r1	Illumina HiSeq 2000	16102767	3201353288	ftp.sra.ebi.ac.uk/vol1/fastq/ERR130/009/ERR1308839/ERR1308839_1.fastq.gz	ftp.sra.ebi.ac.uk/vol1/fastq/ERR130/009/ERR1308839/ERR1308839_2.fastq.gz	9d62e73184dfeba4a2c94faff2176a93	b0408ed50152dfabf7dcf30bacd3cac8	1388844416;1397275048	Table S17 reads file BCM_CFCOSW_2_C3PWEACXX.IND2 equals the submitted file names of ERR1308839	270.0	no	not homozygous in Peter et al. 2018; not euploid in Peter et al. 2018
CDA	S8BM-32-4D(a)	GCA_949125565.1	haploid/collapsed assemblies	12102675	homozygous	euploid	2b02e0e6aa9f6ea0227c74eeeb13d56a3252da6b2f22c303a092fef55d7fe30f	ERR1308658	SAMEA3895591	BCM_CDAOSW_r1	Illumina HiSeq 2000	20207867	4014649229	ftp.sra.ebi.ac.uk/vol1/fastq/ERR130/008/ERR1308658/ERR1308658_1.fastq.gz	ftp.sra.ebi.ac.uk/vol1/fastq/ERR130/008/ERR1308658/ERR1308658_2.fastq.gz	05d0c2b5bc6d50268363df676b690360	b4c3459979df1d1398bf5ce03cdaa7d5	1747426600;1760446993	Table S17 reads file BCM_CDAOSW_2_C3PWEACXX.IND10 equals the submitted file names of ERR1308658	331.7	yes	
AGK	CBS2361	GCA_949124045.1	haploid/collapsed assemblies	12078496	homozygous	euploid	2e166e6421c8a2873c8a262c6bc10caf0aa4683ed437e234b9ab2b3768383378	ERR1308858	SAMEA3895014	BCM_AGKOSW_r1	Illumina HiSeq 2000	23102692	4433271628	ftp.sra.ebi.ac.uk/vol1/fastq/ERR130/008/ERR1308858/ERR1308858_1.fastq.gz	ftp.sra.ebi.ac.uk/vol1/fastq/ERR130/008/ERR1308858/ERR1308858_2.fastq.gz	a84d98386fcc9200541c05eceeff12b0	6d0ec89fd3a021233c0e055d9d3d9db1	2260685621;2216092082	Table S17 reads file BCM_AGKOSW_1_D2C6RACXX.IND8 equals the submitted file names of ERR1308858	367.0	yes	
AIC	CBS2807	GCA_949124365.1	haploid/collapsed assemblies	11871368	homozygous	euploid	31632e6d1ae154a863d7beb2a46ce192058f1613e6cbe8fdb14e65ce51d2405e	ERR1309173	SAMEA3895044	BCM_AICOSW_r2	Illumina HiSeq 2000	17392433	3474295784	ftp.sra.ebi.ac.uk/vol1/fastq/ERR130/003/ERR1309173/ERR1309173_1.fastq.gz	ftp.sra.ebi.ac.uk/vol1/fastq/ERR130/003/ERR1309173/ERR1309173_2.fastq.gz	6bcbfd7448a24a5a1747ca6fbbed71f9	408c6cc001d5282685925146dc2a9c44	1423877276;1432726146	Table S17 reads file BCM_AICOSW_1_C2F4PACXX.IND18 equals the submitted file names of ERR1309173	292.7	yes	
ADS	T73_1b	GCA_949124145.1	haploid/collapsed assemblies	11691449	homozygous	euploid	3446bdc20b24828a03dcecf86452528d4c87b732bbdd6f4f890007eb67196395	ERR1309526	SAMEA3894966	BCM_ADSOSW_r2	Illumina HiSeq 2000	16685830	3314517985	ftp.sra.ebi.ac.uk/vol1/fastq/ERR130/006/ERR1309526/ERR1309526_1.fastq.gz	ftp.sra.ebi.ac.uk/vol1/fastq/ERR130/006/ERR1309526/ERR1309526_2.fastq.gz	21d727500f32103644c314a7211ab8a8	c12ac5b9b1c763ef1e38a0b1dbff1f14	1462845472;1480460231	Table S17 reads file BCM_ADSOSW_4_D2C6RACXX.IND3 equals the submitted file names of ERR1309526	283.5	yes	
BHH	CLIB1071	GCA_949124695.1	haploid/collapsed assemblies	11994015	homozygous	euploid	34d2fe2f425630537f0a71a74942e552899a9e2860aa74b8d826d4833b5aff01	ERR1308984	SAMEA3895356	BCM_BHHOSW_r1	Illumina HiSeq 2000	20665545	4112264287	ftp.sra.ebi.ac.uk/vol1/fastq/ERR130/004/ERR1308984/ERR1308984_1.fastq.gz	ftp.sra.ebi.ac.uk/vol1/fastq/ERR130/004/ERR1308984/ERR1308984_2.fastq.gz	0201ad77eed9d8ff6d01e6e490aac9c3	e9088dd3ac9f3bd870e0f0d468b8d9c3	1775345491;1810537962	Table S17 reads file BCM_BHHOSW_2_C39R6ACXX.IND32 equals the submitted file names of ERR1308984	342.9	yes	
AEH	CBS7964	GCA_949124265.1	haploid/collapsed assemblies	12093243	homozygous	euploid	3c02c7581ea1995f63e027c5fe8df166751a3228caf50af6bcac01e6b78c11a9	ERR1308847	SAMEA3894975	BCM_AEHOSW_r1	Illumina HiSeq 2000	21617459	4298236844	ftp.sra.ebi.ac.uk/vol1/fastq/ERR130/007/ERR1308847/ERR1308847_1.fastq.gz	ftp.sra.ebi.ac.uk/vol1/fastq/ERR130/007/ERR1308847/ERR1308847_2.fastq.gz	1428d4c1ca5a07a383f5b36f4779a632	7fa7477585547b260c81b72573c4d4a7	1855290628;1878296149	Table S17 reads file BCM_AEHOSW_3_D2C7RACXX.IND8 equals the submitted file names of ERR1308847	355.4	yes	
BCN	HE015	GCA_949124525.1	haploid/collapsed assemblies	11870699	homozygous	euploid	445ff20248149fa239dce94af3907ad3114db3be715ec1289c83d15444191e46	ERR1308824	SAMEA3895269	BCM_BCNOSW_r1	Illumina HiSeq 2000	18265996	3647879805	ftp.sra.ebi.ac.uk/vol1/fastq/ERR130/004/ERR1308824/ERR1308824_1.fastq.gz	ftp.sra.ebi.ac.uk/vol1/fastq/ERR130/004/ERR1308824/ERR1308824_2.fastq.gz	95131e9f7128d9f33e85e2bb5475ff5f	bed00d959b3db05220c3f9a3255fc5aa	1542914282;1557410747	Table S17 reads file BCM_BCNOSW_8_C39B0ACXX.IND13 equals the submitted file names of ERR1308824	307.3	yes	
BAD	DJ71	GCA_949125245.1	haploid/collapsed assemblies	12078722	heterozygous	euploid	4508de64003d16e0ebe8d9eb247bdee40ed5f1fb45c8bea2f07d2e1b6d4000c7	ERR1309504	SAMEA3895223	BCM_BADOSW_r2	Illumina HiSeq 2000	19076699	3799751217	ftp.sra.ebi.ac.uk/vol1/fastq/ERR130/004/ERR1309504/ERR1309504_1.fastq.gz	ftp.sra.ebi.ac.uk/vol1/fastq/ERR130/004/ERR1309504/ERR1309504_2.fastq.gz	daab9d281651b156f472d481f538d891	bd9b6be3141be19188bc7726110a58fd	1625475409;1637380781	Table S17 reads file BCM_BADOSW_8_C39G9ACXX.IND8 equals the submitted file names of ERR1309504	314.6	no	not homozygous in Peter et al. 2018
ANE	YPS134	GCA_949124185.1	haploid/collapsed assemblies	11882528	homozygous	euploid	49e80869faf43bb386a588520a459d211597646f4920fee4b8f43262f13fecb6	ERR1308867	SAMEA3895112	BCM_ANEOSW_r1	Illumina HiSeq 2000	14582092	2905531963	ftp.sra.ebi.ac.uk/vol1/fastq/ERR130/007/ERR1308867/ERR1308867_1.fastq.gz	ftp.sra.ebi.ac.uk/vol1/fastq/ERR130/007/ERR1308867/ERR1308867_2.fastq.gz	d91b2eacc880e0e20c237917d0b71511	39b95cfcaa5e9e3bc4ebccdef391648a	1247173727;1265700846	Table S17 reads file BCM_ANEOSW_4_C2FK0ACXX.IND1 equals the submitted file names of ERR1308867	244.5	yes	
AVB	CECT10266	GCA_949124775.1	haploid/collapsed assemblies	11902943	homozygous	euploid	4c7b92721dcc60bebb9126099954dd4aebc7af7cb2f477171658c5d9374eaebb	ERR1308690	SAMEA3895205	BCM_AVBOSW_r1	Illumina HiSeq 2000	18566355	3675783301	ftp.sra.ebi.ac.uk/vol1/fastq/ERR130/000/ERR1308690/ERR1308690_1.fastq.gz	ftp.sra.ebi.ac.uk/vol1/fastq/ERR130/000/ERR1308690/ERR1308690_2.fastq.gz	ab6be23f7c008facb552b50857d0b3a6	3ee6c79b9d7246bef0e0b7a1c89374c2	1645092733;1664637237	Table S17 reads file BCM_AVBOSW_8_C39HUACXX.IND11 equals the submitted file names of ERR1308690	308.8	yes	
AHG	CBS1586	GCA_949124395.1	haploid/collapsed assemblies	11841448	homozygous	euploid	4daf9c544f0a6f89c6a854cebdce412d2e43ececd8ecc5fab70e999594e9c3cf	ERR1308781	SAMEA3895029	BCM_AHGOSW_r1	Illumina HiSeq 2000	17288194	3446450069	ftp.sra.ebi.ac.uk/vol1/fastq/ERR130/001/ERR1308781/ERR1308781_1.fastq.gz	ftp.sra.ebi.ac.uk/vol1/fastq/ERR130/001/ERR1308781/ERR1308781_2.fastq.gz	bc6e3bda8f6026b3a61aeaa693fc8bbe	dbdcb1c106143fba9b4f5fec71d16f70	1486376155;1501952795	Table S17 reads file BCM_AHGOSW_3_D2C6RACXX.IND16 equals the submitted file names of ERR1308781	291.0	yes	
CRL	C-6	GCA_949125125.1	haploid/collapsed assemblies	11954723	homozygous	euploid	510f22a93031602c1526307a9db14f28d6e02e1540e9159eac2dac68b387d590	ERR1308952	SAMEA3895813	BCM_CRLOSW_r1	Illumina HiSeq 2000	4168136	1248813654	ftp.sra.ebi.ac.uk/vol1/fastq/ERR130/002/ERR1308952/ERR1308952_1.fastq.gz	ftp.sra.ebi.ac.uk/vol1/fastq/ERR130/002/ERR1308952/ERR1308952_2.fastq.gz	9036a6ff853d9d3467c6d91bbec56161	d477c235f9859a9b22e6adc407348f2a	432466223;472540065	Table S17 reads file BCM_CRLOSW_1_AB3AC.IND41b equals the submitted file names of ERR1308952	104.5	yes	
ADI	YJM981_b	GCA_949124275.1	haploid/collapsed assemblies	12927157	homozygous	euploid	58463329d70f93c6f6d636974b590a7f9ee14cd3b456783d18320c24e70c3772	ERR1308593	SAMEA3894958	BCM_ADIOSW_r2	Illumina HiSeq 2000	20296273	4035485432	ftp.sra.ebi.ac.uk/vol1/fastq/ERR130/003/ERR1308593/ERR1308593_1.fastq.gz	ftp.sra.ebi.ac.uk/vol1/fastq/ERR130/003/ERR1308593/ERR1308593_2.fastq.gz	84322011fa31a447468f3c110f3473df	cfbe97c75a43188f5130522011d28aba	1761154109;1779676483	Table S17 reads file BCM_ADIOSW_4_D2C6RACXX.IND22 equals the submitted file names of ERR1308593	312.2	yes	
CLN	K14	GCA_949124915.1	haploid/collapsed assemblies	11983768	homozygous	euploid	58ac1cc25903317220fdb01c722a6e077177ab12ac82216ebc65faeb9ad2bc23	ERR1309400	SAMEA3895729	BCM_CLNOSW_r1	Illumina HiSeq 2000	15942488	3168252792	ftp.sra.ebi.ac.uk/vol1/fastq/ERR130/000/ERR1309400/ERR1309400_1.fastq.gz	ftp.sra.ebi.ac.uk/vol1/fastq/ERR130/000/ERR1309400/ERR1309400_2.fastq.gz	e5f66c27f7d2a375bc6de75ce04f8346	dfddbb1a35ce117f3b03e7f60e347643	1408265344;1403166101	Table S17 reads file BCM_CLNOSW_4_C49VTACXX.IND7 equals the submitted file names of ERR1309400	264.4	yes	
CFS	UCD_40-255	GCA_949125725.1	haploid/collapsed assemblies	11838738	homozygous	aneu;+1*2;-1*6;	5957ae79e1565d9807cae6c59a9c81c4ac3c1764e08f86140231373e470f855f	ERR1309156	SAMEA3895643	BCM_CFSOSW_r1	Illumina HiSeq 2000	22281539	4427760817	ftp.sra.ebi.ac.uk/vol1/fastq/ERR130/006/ERR1309156/ERR1309156_1.fastq.gz	ftp.sra.ebi.ac.uk/vol1/fastq/ERR130/006/ERR1309156/ERR1309156_2.fastq.gz	2c03337ddbfa9a6dfb97c447ca14b032	989e6d859118b76f6fdaad14c3f82bba	1931615458;1944310488	Table S17 reads file BCM_CFSOSW_4_C3NRYACXX.IND16 equals the submitted file names of ERR1309156	374.0	no	not euploid in Peter et al. 2018
BPK	DBVPG1861	GCA_949124965.1	haploid/collapsed assemblies	11676123	heterozygous	euploid	5bbe1aa23d407c9b5630657f6e8a6ea49ac0ee82998344d3bc886ef989f19641	ERR1309254	SAMEA3895463	BCM_BPKOSW_r2	Illumina HiSeq 2000	19551010	3884233540	ftp.sra.ebi.ac.uk/vol1/fastq/ERR130/004/ERR1309254/ERR1309254_1.fastq.gz	ftp.sra.ebi.ac.uk/vol1/fastq/ERR130/004/ERR1309254/ERR1309254_2.fastq.gz	aa1637f26920fb002cbe572ddf4871eb	32de8fc7aaedbfdcf47753017b68b669	1739750908;1745118068	Table S17 reads file BCM_BPKOSW_4_C388FACXX.IND22 equals the submitted file names of ERR1309254	332.7	no	not homozygous in Peter et al. 2018
ABA	YJM326_b	GCA_949124355.1	haploid/collapsed assemblies	12109277	homozygous	euploid	5c88f92a02ffbbb691c9a8293ee66b0ccf5af101012253445129d80ac499addd	ERR1308820	SAMEA3894914	BCM_ABAOSW_r1	Illumina HiSeq 2000	16318592	3265614281	ftp.sra.ebi.ac.uk/vol1/fastq/ERR130/000/ERR1308820/ERR1308820_1.fastq.gz	ftp.sra.ebi.ac.uk/vol1/fastq/ERR130/000/ERR1308820/ERR1308820_2.fastq.gz	844d5653efa60919a354f58bf8519b78	cbffc5a78174f3b424e828451aaca3f5	1349016112;1377004059	Table S17 reads file BCM_ABAOSW_3_D2BT6ACXX.IND14 equals the submitted file names of ERR1308820	269.7	yes	
ACH	CLIB483_1b	GCA_949124295.1	haploid/collapsed assemblies	12167093	homozygous	euploid	615c2eeeb39ca664043d2f6ef45968eeabeb142b19f5c67bc63153d7a1c76ea4	ERR1309194	SAMEA3894938	BCM_ACHOSW_r1	Illumina HiSeq 2000	17195839	3439011490	ftp.sra.ebi.ac.uk/vol1/fastq/ERR130/004/ERR1309194/ERR1309194_1.fastq.gz	ftp.sra.ebi.ac.uk/vol1/fastq/ERR130/004/ERR1309194/ERR1309194_2.fastq.gz	22cf8e37cd79b36c22276c00f20781a3	efa0e2eb7c95c337068dbc63a34b625f	1431998153;1451238446	Table S17 reads file BCM_ACHOSW_7_D2BT6ACXX.IND10 equals the submitted file names of ERR1309194	282.6	yes	
CIC	Ponton 11	GCA_949124945.1	haploid/collapsed assemblies	11962569	heterozygous	euploid	6432acd2b1aa2aac9d6604fdbde36a76480707c98df87eb6e884b0d2b1b1089e	ERR1308701	SAMEA3895683	BCM_CICOSW_r1	Illumina HiSeq 2000	17352399	3433178113	ftp.sra.ebi.ac.uk/vol1/fastq/ERR130/001/ERR1308701/ERR1308701_1.fastq.gz	ftp.sra.ebi.ac.uk/vol1/fastq/ERR130/001/ERR1308701/ERR1308701_2.fastq.gz	efab7b5dc416241b6e7630fb2f06cdc9	34473b21f93597fcaca82a6e0e8900b9	1599037505;1583668895	Table S17 reads file BCM_CICOSW_4_C4A65ACXX.IND7 equals the submitted file names of ERR1308701	287.0	no	not homozygous in Peter et al. 2018
BBF	CCY_21-4-102	GCA_949124735.1	haploid/collapsed assemblies	12247159	heterozygous	euploid	68fd1387dde6aab4da209674d5d6e73d14da0c48094b4c563a2418a3f0535f5a	ERR1308652	SAMEA3895244	BCM_BBFOSW_r1	Illumina HiSeq 2000	19231326	3835903094	ftp.sra.ebi.ac.uk/vol1/fastq/ERR130/002/ERR1308652/ERR1308652_1.fastq.gz	ftp.sra.ebi.ac.uk/vol1/fastq/ERR130/002/ERR1308652/ERR1308652_2.fastq.gz	9481ea16cbe8c2b1c8c0474ecf8fcb7b	03e2f75b6c8d03f139a834ffd15762bb	1621569654;1618937053	Table S17 reads file BCM_BBFOSW_6_C39G9ACXX.IND17 equals the submitted file names of ERR1308652	313.2	no	not homozygous in Peter et al. 2018
ADM	CLIB324_2	GCA_949124375.1	haploid/collapsed assemblies	11867135	heterozygous	euploid	6baa929392a774c07b80a43c6d2a13f683b2193fe3e3d9601dc2a1bf334c0e60	ERR1309212	SAMEA3894961	BCM_ADMOSW_r1	Illumina HiSeq 2000	21912995	4369800507	ftp.sra.ebi.ac.uk/vol1/fastq/ERR130/002/ERR1309212/ERR1309212_1.fastq.gz	ftp.sra.ebi.ac.uk/vol1/fastq/ERR130/002/ERR1309212/ERR1309212_2.fastq.gz	f9d8a49fe78b0f3b1b4fb00c424dce96	5e870f65c56d970e86e4d237333ffaf6	1848637697;1852701742	Table S17 reads file BCM_ADMOSW_2_D2BM7ACXX.IND5 equals the submitted file names of ERR1309212	368.2	no	not homozygous in Peter et al. 2018
ASN	CLIB630	GCA_949124585.1	haploid/collapsed assemblies	11828961	heterozygous	euploid	6cba55f5ec410e4372e8c46f40a685f7bb206b4a139cb8512fd1970696474170	ERR1309408	SAMEA3895186	BCM_ASNOSW_r2	Illumina HiSeq 2000	19904462	3949071956	ftp.sra.ebi.ac.uk/vol1/fastq/ERR130/008/ERR1309408/ERR1309408_1.fastq.gz	ftp.sra.ebi.ac.uk/vol1/fastq/ERR130/008/ERR1309408/ERR1309408_2.fastq.gz	51383cfb2c7b7f5cd2eb5cb5f2fcb761	1dfd0d3b59c7f5df1853fc271e033e45	1761820103;1777311300	Table S17 reads file BCM_ASNOSW_8_C39HUACXX.IND17 equals the submitted file names of ERR1309408	333.8	no	not homozygous in Peter et al. 2018
CFA	Dji2-2A(a)	GCA_949124865.1	haploid/collapsed assemblies	11827564	homozygous	euploid	7019ba80981cb25865d21e312330a652432af0419161ad2d9f769245722850c6	ERR1308896	SAMEA3895629	BCM_CFAOSW_r1	Illumina HiSeq 2000	22066238	4387017249	ftp.sra.ebi.ac.uk/vol1/fastq/ERR130/006/ERR1308896/ERR1308896_1.fastq.gz	ftp.sra.ebi.ac.uk/vol1/fastq/ERR130/006/ERR1308896/ERR1308896_2.fastq.gz	246fb2c6f1fb059b94c1096322bacc7e	aaf4466c78d031e7624cd4cbf0b03ae6	1921936581;1929173187	Table S17 reads file BCM_CFAOSW_4_C3MA4ACXX.IND48 equals the submitted file names of ERR1308896	370.9	yes	
AHL	CBS3081	GCA_949124345.1	haploid/collapsed assemblies	12066693	homozygous	euploid	711eb526ced0bbbd0e70fb9fa007d538306035700f375de8fdc7d93162958646	ERR1309499	SAMEA3895033	BCM_AHLOSW_r1	Illumina HiSeq 2000	20599649	4102422938	ftp.sra.ebi.ac.uk/vol1/fastq/ERR130/009/ERR1309499/ERR1309499_1.fastq.gz	ftp.sra.ebi.ac.uk/vol1/fastq/ERR130/009/ERR1309499/ERR1309499_2.fastq.gz	5f18cdbfa283f010093acf5eb408e87f	59b5665c3e3e8220b8f692e1209624b5	1769050541;1788749796	Table S17 reads file BCM_AHLOSW_3_D2C6RACXX.IND20 equals the submitted file names of ERR1309499	340.0	yes	
CLL	K10	GCA_949125335.1	haploid/collapsed assemblies	11914925	heterozygous	euploid	77db99eac1eb46354e6c40ae47bbcc347962db96a23521062ab61fd4a6cba540	ERR1309166	SAMEA3895727	BCM_CLLOSW_r1	Illumina HiSeq 2000	14006742	2789588935	ftp.sra.ebi.ac.uk/vol1/fastq/ERR130/006/ERR1309166/ERR1309166_1.fastq.gz	ftp.sra.ebi.ac.uk/vol1/fastq/ERR130/006/ERR1309166/ERR1309166_2.fastq.gz	e6e74b9c3bc7da271ef3160b992c5060	1044874a434bdba8b8c319b1b829d01d	1260064805;1239868398	Table S17 reads file BCM_CLLOSW_4_C4A65ACXX.IND5 equals the submitted file names of ERR1309166	234.1	no	not homozygous in Peter et al. 2018
CMF	RIB6001	GCA_949125345.1	haploid/collapsed assemblies	11978339	heterozygous	aneu;+1*3;	8786a6d045674dbf60a8292bd85ca7dc24e58e0007d395ebbbcf372e082ec38e	ERR1308700	SAMEA3895740	BCM_CMFOSW_r1	Illumina HiSeq 2000	12778295	2544984060	ftp.sra.ebi.ac.uk/vol1/fastq/ERR130/000/ERR1308700/ERR1308700_1.fastq.gz	ftp.sra.ebi.ac.uk/vol1/fastq/ERR130/000/ERR1308700/ERR1308700_2.fastq.gz	94e1e2619b834efa1949bc6f5b211aa8	5dd7d3106db6c6999b6da1e44b2bf4b5	1147928923;1097953768	Table S17 reads file BCM_CMFOSW_6_C4AK9ACXX.IND7 equals the submitted file names of ERR1308700	212.5	no	not homozygous in Peter et al. 2018; not euploid in Peter et al. 2018
AKR	CLQCA_05-006	GCA_949124165.1	haploid/collapsed assemblies	11843924	heterozygous	euploid	87d0ce7da46e86ac42312a4d9aba3509640689221885b7f4f896e0fecb10b441	ERR1308765	SAMEA3895070	BCM_AKROSW_r1	Illumina HiSeq 2000	23084331	4613867835	ftp.sra.ebi.ac.uk/vol1/fastq/ERR130/005/ERR1308765/ERR1308765_1.fastq.gz	ftp.sra.ebi.ac.uk/vol1/fastq/ERR130/005/ERR1308765/ERR1308765_2.fastq.gz	ff3689de2f9be8a44549f312cf6bdda3	aeab0715f9823c6b3430848d3723d824	1907469882;1927979172	Table S17 reads file BCM_AKROSW_3_C2F4PACXX.IND12 equals the submitted file names of ERR1308765	389.6	no	not homozygous in Peter et al. 2018
ASB	CBS4255	GCA_949122135.1	diploid assemblies	12078710	heterozygous	euploid	8b6835f223618a7f35f44844e814384a7baa5166c61ccb46e143cbb3c21a29d9	ERR1309421	SAMEA3895178	BCM_ASBOSW_r1	Illumina HiSeq 2000	18334940	3645055718	ftp.sra.ebi.ac.uk/vol1/fastq/ERR130/001/ERR1309421/ERR1309421_1.fastq.gz	ftp.sra.ebi.ac.uk/vol1/fastq/ERR130/001/ERR1309421/ERR1309421_2.fastq.gz	90aa38650e40a1c5f7ab015a5ae82253	a0ad2a0491759b6ee8bd67c58eb400a4	1590806454;1607056536	Table S17 reads file BCM_ASBOSW_2_C39HUACXX.IND1 equals the submitted file names of ERR1309421	301.8	no	long-read assembly is not haploid or collapsed; not homozygous in Peter et al. 2018
CPS	FTPW4	GCA_949125785.1	haploid/collapsed assemblies	12238627	heterozygous	euploid	8d8a4bd481ea48375a6272c3dd74772b326e2e871a787da9e9a18ce27753c1ab	ERR1309470	SAMEA3895783	BCM_CPSOSW_r1	Illumina HiSeq 2000	16405240	3254202491	ftp.sra.ebi.ac.uk/vol1/fastq/ERR130/000/ERR1309470/ERR1309470_1.fastq.gz	ftp.sra.ebi.ac.uk/vol1/fastq/ERR130/000/ERR1309470/ERR1309470_2.fastq.gz	ddc6ef71756aa3038587e874589ed364	e56f45915fa240bb2a54c6a026d83f92	1501908913;1476778985	Table S17 reads file BCM_CPSOSW_4_C4VNPACXX.IND9 equals the submitted file names of ERR1309470	265.9	no	not homozygous in Peter et al. 2018
BMB	UWOPS03-433.3	GCA_949124605.1	haploid/collapsed assemblies	11830859	homozygous	euploid	8dc376843eb1bababb2e63e169d21d639777a1eb9191bac4c0f6b43e106fdfc8	ERR1308675	SAMEA3895423	BCM_BMBOSW_r1	Illumina HiSeq 2000	16849343	3363880734	ftp.sra.ebi.ac.uk/vol1/fastq/ERR130/005/ERR1308675/ERR1308675_1.fastq.gz	ftp.sra.ebi.ac.uk/vol1/fastq/ERR130/005/ERR1308675/ERR1308675_2.fastq.gz	8638e227fe90481bcec19119cfaf56a6	00120badec791db727229000c0cdadf2	1422190576;1436774233	Table S17 reads file BCM_BMBOSW_1_C37YTACXX.IND26 equals the submitted file names of ERR1308675	284.3	yes	
APG	VF8_(6)	GCA_949124575.1	haploid/collapsed assemblies	12098357	homozygous	euploid	9257fac4c50f241582a624fba3b5a4fffc38035c6ffad56b5acc61616dbfc809	ERR1309220	SAMEA3895132	BCM_APGOSW_r1	Illumina HiSeq 2000	20015891	3977422729	ftp.sra.ebi.ac.uk/vol1/fastq/ERR130/000/ERR1309220/ERR1309220_1.fastq.gz	ftp.sra.ebi.ac.uk/vol1/fastq/ERR130/000/ERR1309220/ERR1309220_2.fastq.gz	a15dd1f31e96fabfbb1d117ee2c50879	54155799dfbc0c4bf451b94d9156f1cf	1705568709;1719404721	Table S17 reads file BCM_APGOSW_4_D2GBHACXX.IND2 equals the submitted file names of ERR1309220	328.8	yes	
CRE	CLQCA_17-111	GCA_949125295.1	haploid/collapsed assemblies	12049131	heterozygous	euploid	93e0ee07d6acd40baf0692ce89335b2832cafc4bfd9455576e77481eacb00f5a	ERR1308782	SAMEA3895808	BCM_CREOSW_r1	Illumina HiSeq 2000	17960094	3554124604	ftp.sra.ebi.ac.uk/vol1/fastq/ERR130/002/ERR1308782/ERR1308782_1.fastq.gz	ftp.sra.ebi.ac.uk/vol1/fastq/ERR130/002/ERR1308782/ERR1308782_2.fastq.gz	6a40ad2acc30e9a5acd367d371291dca	c5e685d71633fe2447f7144b10c028da	1663007820;1635478909	Table S17 reads file BCM_CREOSW_2_C4VNPACXX.IND35 equals the submitted file names of ERR1308782	295.0	no	not homozygous in Peter et al. 2018
AAR	CLIB382_1b	GCA_949124305.1	haploid/collapsed assemblies	11920395	homozygous	euploid	9579b2b3fb1ff285166d647f0f8616904ec4bdf5951101c3ab9adcafe395da31	ERR1308657	SAMEA3894910	BCM_AAROSW_r1	Illumina HiSeq 2000	17213542	3445480112	ftp.sra.ebi.ac.uk/vol1/fastq/ERR130/007/ERR1308657/ERR1308657_1.fastq.gz	ftp.sra.ebi.ac.uk/vol1/fastq/ERR130/007/ERR1308657/ERR1308657_2.fastq.gz	02a5898e28b6ce2c92c80ba43b149f30	04bd492e8fba0007abb5f4adac3a6d16	1415852186;1439679447	Table S17 reads file BCM_AAROSW_3_D2BT6ACXX.IND11 equals the submitted file names of ERR1308657	289.0	yes	
ANM	A-18	GCA_949124205.1	haploid/collapsed assemblies	11949778	heterozygous	euploid	958e5cb7429368e98b1da3ea35e893255bdb200b579c5786789e76c37689cd0a	ERR1308960	SAMEA3895119	BCM_ANMOSW_r1	Illumina HiSeq 2000	15686551	3131699682	ftp.sra.ebi.ac.uk/vol1/fastq/ERR130/000/ERR1308960/ERR1308960_1.fastq.gz	ftp.sra.ebi.ac.uk/vol1/fastq/ERR130/000/ERR1308960/ERR1308960_2.fastq.gz	4fdf829eb8f5f35fbe89991b981f49b9	becfe4bd8f3077300e3c0a5e4116800a	1346821577;1339302207	Table S17 reads file BCM_ANMOSW_2_C2DK7ACXX.IND22 equals the submitted file names of ERR1308960	262.1	no	not homozygous in Peter et al. 2018
BAF	DJ74	GCA_949124855.1	haploid/collapsed assemblies	12025847	heterozygous	euploid	9967513f717b628e9f956244c4e76324920d35111a753b83c92316907e3f8b1b	ERR1309149	SAMEA3895225	BCM_BAFOSW_r1	Illumina HiSeq 2000	16161560	3203489317	ftp.sra.ebi.ac.uk/vol1/fastq/ERR130/009/ERR1309149/ERR1309149_1.fastq.gz	ftp.sra.ebi.ac.uk/vol1/fastq/ERR130/009/ERR1309149/ERR1309149_2.fastq.gz	fb9c7283397617bd5e079ef57352b115	ac4ebfb5615db7249f996f7692afe703	1433050830;1452977519	Table S17 reads file BCM_BAFOSW_6_C39HUACXX.IND16 equals the submitted file names of ERR1309149	266.4	no	not homozygous in Peter et al. 2018
CIH	PB12	GCA_949125675.1	haploid/collapsed assemblies	11917522	heterozygous	euploid	9b29bf3bd64b907e32e2fdf364c07dcfb3e655bbbccf3a0d0b5fce5c112d7d5a	ERR1309301	SAMEA3895688	BCM_CIHOSW_r1	Illumina HiSeq 2000	13951601	2772934953	ftp.sra.ebi.ac.uk/vol1/fastq/ERR130/001/ERR1309301/ERR1309301_1.fastq.gz	ftp.sra.ebi.ac.uk/vol1/fastq/ERR130/001/ERR1309301/ERR1309301_2.fastq.gz	9254541e14092eccfd4ceb8624c5f121	80017132c61bd1fcfde4b61bb01619b1	1295501205;1254116016	Table S17 reads file BCM_CIHOSW_2_C4AK9ACXX.IND12 equals the submitted file names of ERR1309301	232.7	no	not homozygous in Peter et al. 2018
ADE	PW5_b	GCA_949124235.1	haploid/collapsed assemblies	11799794	homozygous	euploid	9f8907ea14fecc7c45a5dd257958ac0f1becb3e0578ee66ef8ed495086b9dd5b	ERR1309020	SAMEA3894954	BCM_ADEOSW_r1	Illumina HiSeq 2000	19373887	3864036390	ftp.sra.ebi.ac.uk/vol1/fastq/ERR130/000/ERR1309020/ERR1309020_1.fastq.gz	ftp.sra.ebi.ac.uk/vol1/fastq/ERR130/000/ERR1309020/ERR1309020_2.fastq.gz	069f211b0ea66146abc3c0d47f55f72c	0151ae0fb179f79ad12556d7b217b6f0	1643550817;1646518532	Table S17 reads file BCM_ADEOSW_2_D2BM7ACXX.IND18 equals the submitted file names of ERR1309020	327.5	yes	
BTE	YS8(E)	GCA_949124925.1	haploid/collapsed assemblies	12101048	heterozygous	euploid	a29f8c0e09346816fb07c5e94f17909c9edcdb02c6f5439474bc16e56ba3446b	ERR1308903	SAMEA3895519	BCM_BTEOSW_r1	Illumina HiSeq 2000	21832370	4321603950	ftp.sra.ebi.ac.uk/vol1/fastq/ERR130/003/ERR1308903/ERR1308903_1.fastq.gz	ftp.sra.ebi.ac.uk/vol1/fastq/ERR130/003/ERR1308903/ERR1308903_2.fastq.gz	ac7be5ffe404b2b5a37df47bafe3920e	6475325ce66ecadc6a8db6cc7e46b8d9	2001458848;1985052933	Table S17 reads file BCM_BTEOSW_3_C3G4CACXX.IND36 equals the submitted file names of ERR1308903	357.1	no	not homozygous in Peter et al. 2018
AEL	CBS1394	GCA_949124135.1	haploid/collapsed assemblies	12078639	heterozygous	euploid	a459f520503618f4055d8b166666e25256744f16137827eab6afda2458f6007c	ERR1309101	SAMEA3894978	BCM_AELOSW_r1	Illumina HiSeq 2000	19247151	3835274024	ftp.sra.ebi.ac.uk/vol1/fastq/ERR130/001/ERR1309101/ERR1309101_1.fastq.gz	ftp.sra.ebi.ac.uk/vol1/fastq/ERR130/001/ERR1309101/ERR1309101_2.fastq.gz	e182d1a62d72d01e9acfdddad6ddd53e	5e1018cc37206c9181d85110676ad45c	1626731597;1638223883	Table S17 reads file BCM_AELOSW_3_D2C7RACXX.IND10 equals the submitted file names of ERR1309101	317.5	no	not homozygous in Peter et al. 2018
ASG	CBS1489	GCA_949124595.1	haploid/collapsed assemblies	11894638	homozygous	aneu;+2*2;+1*3;+1*8;+1*10;	adef90e7de241d13f670f119baaae864f08bf934e0e014876905bb09d6059556	ERR1308592	SAMEA3895182	BCM_ASGOSW_r2	Illumina HiSeq 2000	18868450	3737394170	ftp.sra.ebi.ac.uk/vol1/fastq/ERR130/002/ERR1308592/ERR1308592_1.fastq.gz	ftp.sra.ebi.ac.uk/vol1/fastq/ERR130/002/ERR1308592/ERR1308592_2.fastq.gz	201f824f3563cb1b6bf8fa422641a519	7b6dbc0d8ba6ad312943388d8995d2b7	1689204455;1711417804	Table S17 reads file BCM_ASGOSW_3_C39HUACXX.IND3 equals the submitted file names of ERR1308592	314.2	no	not euploid in Peter et al. 2018
AFH	CBS1509	GCA_949124075.1	haploid/collapsed assemblies	12090586	homozygous	euploid	b23734f9d958b6807f442066f456661b30ee2023208c1afc14c73de4cf448782	ERR1309521	SAMEA3894994	BCM_AFHOSW_r1	Illumina HiSeq 2000	40740486	8078681237	ftp.sra.ebi.ac.uk/vol1/fastq/ERR130/001/ERR1309521/ERR1309521_1.fastq.gz	ftp.sra.ebi.ac.uk/vol1/fastq/ERR130/001/ERR1309521/ERR1309521_2.fastq.gz	53d1e67ee2f3300a88106384725f3496	b3b6fc05c92897aec23c069b445e341b	3590367206;3618588897	Table S17 reads file BCM_AFHOSW_4_D2C7RACXX.IND22 equals the submitted file names of ERR1309521	668.2	yes	
BFH	EXF-5871	GCA_949124705.1	haploid/collapsed assemblies	12149535	heterozygous	euploid	b31b27119fb3afc2d5d3bb47efc38a0107fb0f14683df1f54d5fa6b2ca936810	ERR1309204	SAMEA3895319	BCM_BFHOSW_r1	Illumina HiSeq 2000	18898827	3771859326	ftp.sra.ebi.ac.uk/vol1/fastq/ERR130/004/ERR1309204/ERR1309204_1.fastq.gz	ftp.sra.ebi.ac.uk/vol1/fastq/ERR130/004/ERR1309204/ERR1309204_2.fastq.gz	8b650a5ee233fb7516060da2ffa1e5fb	5098c58138772ba43f9783b9489f56a8	1620783908;1623271669	Table S17 reads file BCM_BFHOSW_3_C3875ACXX.IND18 equals the submitted file names of ERR1309204	310.5	no	not homozygous in Peter et al. 2018
BAH	SX3	GCA_949124635.1	haploid/collapsed assemblies	11861488	homozygous	euploid	b32b47d948e4c39be358d9a9d89c919f9e35647792601f2e523ecdcaa7edfe06	ERR1309120	SAMEA3895227	BCM_BAHOSW_r1	Illumina HiSeq 2000	18873667	3744596671	ftp.sra.ebi.ac.uk/vol1/fastq/ERR130/000/ERR1309120/ERR1309120_1.fastq.gz	ftp.sra.ebi.ac.uk/vol1/fastq/ERR130/000/ERR1309120/ERR1309120_2.fastq.gz	7590c4088f11fde6e6836dffde443bdb	47aa5a2a871aee4aa087f93076819e1a	1669935904;1691013789	Table S17 reads file BCM_BAHOSW_6_C39HUACXX.IND18 equals the submitted file names of ERR1309120	315.7	yes	
AAC	CBS2165a	GCA_949124335.1	haploid/collapsed assemblies	11969102	heterozygous	euploid	b67d49a3fa9f1d996ec4fcc7d1738a3efdc8758543fff7c9e339bfcb54a4a81f	ERR1309038	SAMEA3894898	BCM_AACOSW_r1	Illumina HiSeq 2000	20344910	4047455466	ftp.sra.ebi.ac.uk/vol1/fastq/ERR130/008/ERR1309038/ERR1309038_1.fastq.gz	ftp.sra.ebi.ac.uk/vol1/fastq/ERR130/008/ERR1309038/ERR1309038_2.fastq.gz	4fab5c4afd86a4e39c41165e9d81aa8e	9c29aa4504d5cfafeb44212673d5e372	1761811961;1762557716	Table S17 reads file BCM_AACOSW_6_C2420ACXX.IND3 equals the submitted file names of ERR1309038	338.2	no	not homozygous in Peter et al. 2018
CBK	1	GCA_949125905.1	haploid/collapsed assemblies	12250244	homozygous	euploid	b962104a6f1f11720c48e9209d58c0ffca6b073177501e2602db2f3dae9d7072	ERR1309061	SAMEA3895570	BCM_CBKOSW_r1	Illumina HiSeq 2000	18634440	3687898765	ftp.sra.ebi.ac.uk/vol1/fastq/ERR130/001/ERR1309061/ERR1309061_1.fastq.gz	ftp.sra.ebi.ac.uk/vol1/fastq/ERR130/001/ERR1309061/ERR1309061_2.fastq.gz	134d8a2341c9d5c8a4662613e33496bd	c892892e531fbf4e737463728ce88f6f	1679774178;1677605040	Table S17 reads file BCM_CBKOSW_4_C3G4CACXX.IND23 equals the submitted file names of ERR1309061	301.0	yes	
ABH	YJM454_1b	GCA_949124325.1	haploid/collapsed assemblies	11911399	homozygous	euploid	bbb57765a881fdb98847927d3420d85fd1b9a9eb508eb4d99da5d4480e1e6a9e	ERR1309451	SAMEA3894921	BCM_ABHOSW_r1	Illumina HiSeq 2000	13231172	2648241713	ftp.sra.ebi.ac.uk/vol1/fastq/ERR130/001/ERR1309451/ERR1309451_1.fastq.gz	ftp.sra.ebi.ac.uk/vol1/fastq/ERR130/001/ERR1309451/ERR1309451_2.fastq.gz	73148b99e8e1684964cbe29ebe6e52a8	12b4a2f44884a6b9a0f2c84f12a3085b	1094537170;1115361310	Table S17 reads file BCM_ABHOSW_5_D2BT6ACXX.IND11 equals the submitted file names of ERR1309451	222.3	yes	
BEM	CLIB653	GCA_949124795.1	haploid/collapsed assemblies	11881333	heterozygous	euploid	bd0f23935d8861e08a0090bc745a33faa7af8d8056a8e0cc4f9ea740b0caf602	ERR1309384	SAMEA3895305	BCM_BEMOSW_r1	Illumina HiSeq 2000	16583156	3317381138	ftp.sra.ebi.ac.uk/vol1/fastq/ERR130/004/ERR1309384/ERR1309384_1.fastq.gz	ftp.sra.ebi.ac.uk/vol1/fastq/ERR130/004/ERR1309384/ERR1309384_2.fastq.gz	50c043453838c2ec7dc0994c15ea4f3f	11284078897d107bbf13660c30ef21eb	1334290391;1355009607	Table S17 reads file BCM_BEMOSW_7_C37T3ACXX.IND3 equals the submitted file names of ERR1309384	279.2	no	not homozygous in Peter et al. 2018
AAB	CBS422a	GCA_949124225.1	haploid/collapsed assemblies	12063471	homozygous	euploid	bd5305f3ff2dba831f9f3ebed0d55450a8ce11b5aa680dfed58294c07b944d3a	ERR1308784	SAMEA3894897	BCM_AABOSW_r1	Illumina HiSeq 2000	16616222	3300458694	ftp.sra.ebi.ac.uk/vol1/fastq/ERR130/004/ERR1308784/ERR1308784_1.fastq.gz	ftp.sra.ebi.ac.uk/vol1/fastq/ERR130/004/ERR1308784/ERR1308784_2.fastq.gz	c016ddb1005fefd8d3beb16b84ae46b4	b9b153ea9f1ed8b164e0c2d03bfd5927	1437876657;1441742424	Table S17 reads file BCM_AABOSW_6_C2420ACXX.IND2 equals the submitted file names of ERR1308784	273.6	yes	
BBL	IMB-53	GCA_949124645.1	haploid/collapsed assemblies	11996832	homozygous	aneu;+1*5;+1*8;+1*9;+1*12;+1*14;	bdf15ecc205411ea3061d2827b905b8b1a4cc8b37562672a40e341b463cec0c1	ERR1308793	SAMEA3895249	BCM_BBLOSW_r1	Illumina HiSeq 2000	24680669	4923169400	ftp.sra.ebi.ac.uk/vol1/fastq/ERR130/003/ERR1308793/ERR1308793_1.fastq.gz	ftp.sra.ebi.ac.uk/vol1/fastq/ERR130/003/ERR1308793/ERR1308793_2.fastq.gz	b03248ec87e070baf5b5c6219c081484	582a05a4b43527bb3aa11ec5788fbdbd	2085468491;2080848120	Table S17 reads file BCM_BBLOSW_6_C39G9ACXX.IND21 equals the submitted file names of ERR1308793	410.4	no	not euploid in Peter et al. 2018
AIF	CBS457	GCA_949124435.1	haploid/collapsed assemblies	12126785	heterozygous	euploid	bf0313279d116d650060f4b9a913f3514b88c8f3661bd0a191fc9dad17933afd	ERR1309471	SAMEA3895047	BCM_AIFOSW_r1	Illumina HiSeq 2000	17707407	3533067217	ftp.sra.ebi.ac.uk/vol1/fastq/ERR130/001/ERR1309471/ERR1309471_1.fastq.gz	ftp.sra.ebi.ac.uk/vol1/fastq/ERR130/001/ERR1309471/ERR1309471_2.fastq.gz	086d93f02a9a325f2bb0b3832cf0add1	74c041ba928ee1e252853e02573b3b1e	1464503947;1485586599	Table S17 reads file BCM_AIFOSW_1_C2F4PACXX.IND19 equals the submitted file names of ERR1309471	291.3	no	not homozygous in Peter et al. 2018
CNT	RP11.4.11	GCA_949126085.1	haploid/collapsed assemblies	12244552	heterozygous	euploid	c302c78bdae8a0ed2fbb9178648550a1f9f5c48332abe2dffd65fb7665f3e20c	ERR1309424	SAMEA3895767	BCM_CNTOSW_r1	Illumina HiSeq 2000	18568803	3680493801	ftp.sra.ebi.ac.uk/vol1/fastq/ERR130/004/ERR1309424/ERR1309424_1.fastq.gz	ftp.sra.ebi.ac.uk/vol1/fastq/ERR130/004/ERR1309424/ERR1309424_2.fastq.gz	ffc48c7f783eda09df298a657d1e77cb	db9c3f69ffc40be8829d56a2cc5d94f4	1706746134;1678973942	Table S17 reads file BCM_CNTOSW_4_C4VAEACXX.IND38 equals the submitted file names of ERR1309424	300.6	no	not homozygous in Peter et al. 2018
AFI	CBS2183	GCA_949124405.1	haploid/collapsed assemblies	11884701	homozygous	euploid	ceeb83f27d65621f690c46de1ee41c53d86942d329edf70cb3574e79cef11710	ERR1309513	SAMEA3894995	BCM_AFIOSW_r1	Illumina HiSeq 2000	32316365	6398526265	ftp.sra.ebi.ac.uk/vol1/fastq/ERR130/003/ERR1309513/ERR1309513_1.fastq.gz	ftp.sra.ebi.ac.uk/vol1/fastq/ERR130/003/ERR1309513/ERR1309513_2.fastq.gz	f1dec295bf17d6619dd9658c91d3a387	500ca9bf7e09d49a158634231715f84b	2865755289;2859495865	Table S17 reads file BCM_AFIOSW_5_D2C7RACXX.IND23 equals the submitted file names of ERR1309513	538.4	yes	
BPG	DBVPG1841	GCA_949124845.1	haploid/collapsed assemblies	12099820	homozygous	aneu;+1*1;	cf0bc4364147b1c88f9d9262b8bf147ebdcd69d0c021d83895ceac8454b0a2ce	ERR1308932	SAMEA3895460	BCM_BPGOSW_r1	Illumina HiSeq 2000	9382537	1868122486	ftp.sra.ebi.ac.uk/vol1/fastq/ERR130/002/ERR1308932/ERR1308932_1.fastq.gz	ftp.sra.ebi.ac.uk/vol1/fastq/ERR130/002/ERR1308932/ERR1308932_2.fastq.gz	e454d13660a3ab976630db83a460c30e	3617fe18b838accd61044249f500824a	806623935;809719895	Table S17 reads file BCM_BPGOSW_4_C3FPMACXX.IND19 equals the submitted file names of ERR1308932	154.4	no	not euploid in Peter et al. 2018
AIG	CBS1463	GCA_949124105.1	haploid/collapsed assemblies	11952679	homozygous	euploid	d3eb890ef43a78a8bcc39c0057e568213f218480fb7df1521b20a82d33a28763	ERR1309438	SAMEA3895048	BCM_AIGOSW_r1	Illumina HiSeq 2000	14219641	2842334211	ftp.sra.ebi.ac.uk/vol1/fastq/ERR130/008/ERR1309438/ERR1309438_1.fastq.gz	ftp.sra.ebi.ac.uk/vol1/fastq/ERR130/008/ERR1309438/ERR1309438_2.fastq.gz	c30571214bfb354cdac578224c554e4f	2589c9ee0caddc513a8ef25e078a3ede	1171852490;1181155475	Table S17 reads file BCM_AIGOSW_2_C2F4PACXX.IND6 equals the submitted file names of ERR1309438	237.8	yes	
ANL	A-6	GCA_949124415.1	haploid/collapsed assemblies	11783953	heterozygous	euploid	d46053289cf78b3233084ffad64a23711d05e2e6442c7962f1141f3a171292e4	ERR1308751	SAMEA3895118	BCM_ANLOSW_r1	Illumina HiSeq 2000	15786796	3145894749	ftp.sra.ebi.ac.uk/vol1/fastq/ERR130/001/ERR1308751/ERR1308751_1.fastq.gz	ftp.sra.ebi.ac.uk/vol1/fastq/ERR130/001/ERR1308751/ERR1308751_2.fastq.gz	e759168136afffa85ad02def516b4094	653a926f6070a392c9cf4177d7cec542	1364914167;1361527987	Table S17 reads file BCM_ANLOSW_2_C2DK7ACXX.IND11 equals the submitted file names of ERR1308751	267.0	no	not homozygous in Peter et al. 2018
AIE	CBS2910	GCA_949124095.1	haploid/collapsed assemblies	11929080	homozygous	aneu;+1*9;	d7d76b6f7a9f61152c8f58c982fbb393d3da85c62bc2a2e89f83cad88641e7cb	ERR1308671	SAMEA3895046	BCM_AIEOSW_r1	Illumina HiSeq 2000	15847652	3158491427	ftp.sra.ebi.ac.uk/vol1/fastq/ERR130/001/ERR1308671/ERR1308671_1.fastq.gz	ftp.sra.ebi.ac.uk/vol1/fastq/ERR130/001/ERR1308671/ERR1308671_2.fastq.gz	aa8417f47bae9bb0e902fcf8a4766290	3e8e357ad749de8aaadb6242f67b0868	1336184913;1344951065	Table S17 reads file BCM_AIEOSW_1_D2BM7ACXX.IND18 equals the submitted file names of ERR1308671	264.8	no	not euploid in Peter et al. 2018
ALI	CLQCA_20-060	GCA_949124195.1	haploid/collapsed assemblies	12254196	heterozygous	euploid	df21371ed8fdcb11311a6c44477ee79d3b6703b91d4fa2026b04a25c6824a5ed	ERR1309514	SAMEA3895081	BCM_ALIOSW_r1	Illumina HiSeq 2000	16152036	3200244778	ftp.sra.ebi.ac.uk/vol1/fastq/ERR130/004/ERR1309514/ERR1309514_1.fastq.gz	ftp.sra.ebi.ac.uk/vol1/fastq/ERR130/004/ERR1309514/ERR1309514_2.fastq.gz	b75cde82da7fcf517311b732a2aa772b	3c581a47d7d5830a161c4ee6a936a79f	1420173156;1437244939	Table S17 reads file BCM_ALIOSW_5_C2FK0ACXX.IND8 equals the submitted file names of ERR1309514	261.2	no	not homozygous in Peter et al. 2018
CFF	6.2_WLP570	GCA_949125025.1	haploid/collapsed assemblies	12073622	heterozygous	euploid	e85f5fff931f43cb3bf5878b3fb2adfc35b223e9f4d931e8f5a962b466a96588	ERR1309102	SAMEA3895634	BCM_CFFOSW_r1	Illumina HiSeq 2000	19960711	3944546426	ftp.sra.ebi.ac.uk/vol1/fastq/ERR130/002/ERR1309102/ERR1309102_1.fastq.gz	ftp.sra.ebi.ac.uk/vol1/fastq/ERR130/002/ERR1309102/ERR1309102_2.fastq.gz	342623903888be47f1da712fd95238bb	d4aaaad3ac3e0ab677d4f300dee4e932	1814006959;1813551403	Table S17 reads file BCM_CFFOSW_4_C3MGGACXX.IND5 equals the submitted file names of ERR1309102	326.7	no	not homozygous in Peter et al. 2018
CKB	malade 98 1655/125391	GCA_949125415.1	haploid/collapsed assemblies	11838583	heterozygous	euploid	ede087da23ed0f9317ced6e7f0de826e807b987bba9c289eadbecb1a2de86a83	ERR1309453	SAMEA3895701	BCM_CKBOSW_r1	Illumina HiSeq 2000	12336830	2455807356	ftp.sra.ebi.ac.uk/vol1/fastq/ERR130/003/ERR1309453/ERR1309453_1.fastq.gz	ftp.sra.ebi.ac.uk/vol1/fastq/ERR130/003/ERR1309453/ERR1309453_2.fastq.gz	5930b89c79aaa94323f43893e7fd155a	90b1969751827a16cc6b52fa26ef798c	1128615382;1082533766	Table S17 reads file BCM_CKBOSW_3_C4AK9ACXX.IND25 equals the submitted file names of ERR1309453	207.4	no	not homozygous in Peter et al. 2018
ADQ	K12_2	GCA_949124215.1	haploid/collapsed assemblies	11820343	homozygous	euploid	fc819484952e77ee20e4ea6e9b6398d3b1e981c648d5d1dcdf4ed9988afcb147	ERR1309029	SAMEA3894964	BCM_ADQOSW_r2	Illumina HiSeq 2000	16234157	3229610795	ftp.sra.ebi.ac.uk/vol1/fastq/ERR130/009/ERR1309029/ERR1309029_1.fastq.gz	ftp.sra.ebi.ac.uk/vol1/fastq/ERR130/009/ERR1309029/ERR1309029_2.fastq.gz	e497eb7c21729cc0c0af1737ef9a3e55	aefd8df49b9692895caed5414e97d05f	1413027822;1428365414	Table S17 reads file BCM_ADQOSW_4_D2C6RACXX.IND1 equals the submitted file names of ERR1309029	273.2	yes	
ACA	EM93_3	GCA_949124315.1	haploid/collapsed assemblies	12292069	homozygous	euploid	fd636215e2717674f19b69128dc9b107f793e1f3893db98dd99209c980ea8e0f	ERR1309429	SAMEA3894932	BCM_ACAOSW_r1	Illumina HiSeq 2000	18164204	3627974732	ftp.sra.ebi.ac.uk/vol1/fastq/ERR130/009/ERR1309429/ERR1309429_1.fastq.gz	ftp.sra.ebi.ac.uk/vol1/fastq/ERR130/009/ERR1309429/ERR1309429_2.fastq.gz	d1049880594add443022015163b8742f	886b18fcb94f1e100bddc8698df16ef6	1516460848;1546574584	Table S17 reads file BCM_ACAOSW_6_D2BT6ACXX.IND4 equals the submitted file names of ERR1309429	295.1	yes	
BBT	2281	GCA_949124495.1	haploid/collapsed assemblies	12222508	heterozygous	euploid	ff4eacf55e83bc77510014f0be3ea69a0c9fc91628f26a8e2e47f3bfbf9f8086	ERR1308730	SAMEA3895255	BCM_BBTOSW_r1	Illumina HiSeq 2000	20812659	4145336396	ftp.sra.ebi.ac.uk/vol1/fastq/ERR130/000/ERR1308730/ERR1308730_1.fastq.gz	ftp.sra.ebi.ac.uk/vol1/fastq/ERR130/000/ERR1308730/ERR1308730_2.fastq.gz	eb7e319f120ee4733126a3638037dcdd	e06fae2205b182a824ba5ebec308e398	1802833532;1817015506	Table S17 reads file BCM_BBTOSW_3_C39B0ACXX.IND43 equals the submitted file names of ERR1308730	339.2	no	not homozygous in Peter et al. 2018
