sd5_row	species	accession	group	arm0_role	reason	pcan_genus	pcan_kazachstania_species	pcan_cdeiii_motif	pcan_cdeiii_thresh	pcan_cdei_motif	pcan_cdei_thresh
1	Wickerhamomyces anomalus	GCA_019321675.1	outgroup	excluded	outgroup, not Saccharomycetaceae; out of scope for arm 0						
2	Candida albicans	GCA_000182965.3	outgroup	excluded	outgroup, not Saccharomycetaceae; out of scope for arm 0						
3	Pichia kudriavzevii	GCA_003054445.1	outgroup	excluded	outgroup, not Saccharomycetaceae; out of scope for arm 0						
4	Yarrowia lipolytica	GCA_000002525.1	outgroup	excluded	outgroup, not Saccharomycetaceae; out of scope for arm 0						
5	Kluyveromyces nonfermentans	GCA_003670155.1	Saccharomycetaceae	run		Kluyveromyces		Kluyveromyces	1e-6	ZT	1e-3
6	Kluyveromyces siamensis	GCA_030579315.1	Saccharomycetaceae	run		Kluyveromyces		Kluyveromyces	1e-6	ZT	1e-3
7	Kluyveromyces aestuarii	GCA_003707555.2	Saccharomycetaceae	run		Kluyveromyces		Kluyveromyces	1e-6	ZT	1e-3
8	Kluyveromyces wickerhamii	GCA_030564205.1	Saccharomycetaceae	run		Kluyveromyces		Kluyveromyces	1e-6	ZT	1e-3
9	Kluyveromyces starmeri	GCA_008973615.1	Saccharomycetaceae	run		Kluyveromyces		Kluyveromyces	1e-6	ZT	1e-3
10	Kluyveromyces sp. yHMH660	GCA_030462825.1	Saccharomycetaceae	run		Kluyveromyces		Kluyveromyces	1e-6	ZT	1e-3
11	Kluyveromyces marxianus	GCA_001417885.1	Saccharomycetaceae	run		Kluyveromyces		Kluyveromyces	1e-6	ZT	1e-3
12	Kluyveromyces sp. PCH397	GCA_017427045.1	Saccharomycetaceae	run		Kluyveromyces		Kluyveromyces	1e-6	ZT	1e-3
13	Kluyveromyces dobzhanskii	GCA_003705805.3	Saccharomycetaceae	run		Kluyveromyces		Kluyveromyces	1e-6	ZT	1e-3
14	Kluyveromyces lactis	GCA_000002515.1	Saccharomycetaceae	run		Kluyveromyces		Kluyveromyces	1e-6	ZT	1e-3
15	Eremothecium coryli	GCA_000710315.1	Saccharomycetaceae	run		Eremothecium		EreLach	1e-6	ZT	1e-2
16	Eremothecium sinecaudum	GCA_001548555.1	Saccharomycetaceae	run		Eremothecium		EreLach	1e-6	ZT	1e-2
17	Eremothecium cymbalariae	GCA_000235365.1	Saccharomycetaceae	run		Eremothecium		EreLach	1e-6	ZT	1e-2
18	Ashbya aceri	GCA_000412225.2	Saccharomycetaceae	run		Ashbya		EreLach	1e-6	ZT	1e-2
19	Eremothecium gossypii	GCA_000091025.4	Saccharomycetaceae	run		Eremothecium		EreLach	1e-6	ZT	1e-2
20	Lachancea kluyveri	GCA_000149225.2	Saccharomycetaceae	run		Lachancea		Lachancea	1e-5	Lachancea	1e-2
21	Lachancea cidri	GCA_030569995.1	Saccharomycetaceae	run		Lachancea		Lachancea	1e-5	Lachancea	1e-2
22	Lachancea fermentati	GCA_900074765.1	Saccharomycetaceae	run		Lachancea		Lachancea	1e-5	Lachancea	1e-2
23	Lachancea mirantina	GCA_900074745.1	Saccharomycetaceae	run		Lachancea		Lachancea	1e-5	Lachancea	1e-2
24	Lachancea waltii	GCA_000167115.1	Saccharomycetaceae	run		Lachancea		Lachancea	1e-5	Lachancea	1e-2
25	Lachancea quebecensis	GCA_002900925.1	Saccharomycetaceae	run		Lachancea		Lachancea	1e-5	Lachancea	1e-2
26	Lachancea thermotolerans	GCA_000142805.1	Saccharomycetaceae	run		Lachancea		Lachancea	1e-5	Lachancea	1e-2
27	Lachancea nothofagi	GCA_900074755.1	Saccharomycetaceae	run		Lachancea		Lachancea	1e-5	Lachancea	1e-2
28	Lachancea dasiensis	GCA_900074725.1	Saccharomycetaceae	run		Lachancea		Lachancea	1e-5	Lachancea	1e-2
29	Lachancea sp. yHQL494	GCA_030562185.1	Saccharomycetaceae	run		Lachancea		Lachancea	1e-5	Lachancea	1e-2
30	Lachancea meyersii	GCA_900074715.1	Saccharomycetaceae	run		Lachancea		Lachancea	1e-5	Lachancea	1e-2
31	Lachancea fantastica	GCA_900074735.1	Saccharomycetaceae	run		Lachancea		Lachancea	1e-5	Lachancea	1e-2
32	Lachancea lanzarotensis	GCA_000938715.1	Saccharomycetaceae	run		Lachancea		Lachancea	1e-5	Lachancea	1e-2
33	Hagleromyces aurorensis	GCA_030705145.1	Saccharomycetaceae	run		Hagleromyces		KLE	1e-6	ZT	1e-2
34	Zygosaccharomyces gambellarensis	GCA_030571545.1	Saccharomycetaceae	run		Zygosaccharomyces		ZygoSacch	1e-6	ZygoSacch	1e-3
35	Zygosaccharomyces rouxii	GCA_000026365.1	Saccharomycetaceae	run		Zygosaccharomyces		ZygoSacch	1e-6	ZygoSacch	1e-3
36	Zygosaccharomyces sapae	GCA_900465325.1	Saccharomycetaceae	run		Zygosaccharomyces		ZygoSacch	1e-6	ZygoSacch	1e-3
37	Zygosaccharomyces pseudorouxii	GCA_030572675.1	Saccharomycetaceae	run		Zygosaccharomyces		ZygoSacch	1e-6	ZygoSacch	1e-3
38	Zygosaccharomyces mellis	GCA_005406105.1	Saccharomycetaceae	run		Zygosaccharomyces		ZygoSacch	1e-6	ZygoSacch	1e-3
39	Zygosaccharomyces siamensis	GCA_013423405.1	Saccharomycetaceae	run		Zygosaccharomyces		ZygoSacch	1e-6	ZygoSacch	1e-3
40	Zygosaccharomyces kombuchaensis	GCA_003705955.2	Saccharomycetaceae	run		Zygosaccharomyces		ZygoSacch	1e-6	ZygoSacch	1e-3
41	Zygosaccharomyces lentus	GCA_030568175.1	Saccharomycetaceae	run		Zygosaccharomyces		ZygoSacch	1e-6	ZygoSacch	1e-3
42	Zygosaccharomyces bisporus	GCA_003707595.2	Saccharomycetaceae	run		Zygosaccharomyces		ZygoSacch	1e-6	ZygoSacch	1e-3
43	Zygosaccharomyces parabailii	GCA_001984395.2	Saccharomycetaceae	run		Zygosaccharomyces		ZygoSacch	1e-6	ZygoSacch	1e-3
44	Zygosaccharomyces pseudobailii	GCA_949129085.1	Saccharomycetaceae	run		Zygosaccharomyces		ZygoSacch	1e-6	ZygoSacch	1e-3
45	Zygosaccharomyces bailii	GCA_900162805.1	Saccharomycetaceae	run		Zygosaccharomyces		ZygoSacch	1e-6	ZygoSacch	1e-3
46	Zygotorulaspora chibaensis	GCA_030565665.1	Saccharomycetaceae	run		Zygotorulaspora		ZygoToru	1e-5	ZT	1e-2
47	Zygotorulaspora florentina	GCA_003671575.3	Saccharomycetaceae	run		Zygotorulaspora		ZygoToru	1e-5	ZT	1e-2
48	Zygotorulaspora sp. yHDO592	GCA_030571275.1	Saccharomycetaceae	run		Zygotorulaspora		ZygoToru	1e-5	ZT	1e-2
49	Zygotorulaspora danielsina	GCA_030572985.1	Saccharomycetaceae	run		Zygotorulaspora		ZygoToru	1e-5	ZT	1e-2
50	Zygotorulaspora mrakii	GCA_013402915.1	Saccharomycetaceae	run		Zygotorulaspora		ZygoToru	1e-5	ZT	1e-2
51	Torulaspora microellipsoides	GCA_900186055.1	Saccharomycetaceae	run		Torulaspora		Toru	1e-5	Toru	1e-2
52	Torulaspora quercuum	GCA_946403475.1	Saccharomycetaceae	run		Torulaspora		Toru	1e-5	Toru	1e-2
53	Torulaspora globosa	GCA_014133895.1	Saccharomycetaceae	run		Torulaspora		Toru	1e-5	Toru	1e-2
54	Torulaspora maleeae	GCA_003708055.3	Saccharomycetaceae	run		Torulaspora		Toru	1e-5	Toru	1e-2
55	Torulaspora sp. yHMJ407	GCA_030580195.1	Saccharomycetaceae	run		Torulaspora		Toru	1e-5	Toru	1e-2
56	Torulaspora delbrueckii	GCA_000243375.1	Saccharomycetaceae	run		Torulaspora		Toru	1e-5	Toru	1e-2
57	Torulaspora sp. 2017 38-3	GCA_040114465.1	Saccharomycetaceae	run		Torulaspora		Toru	1e-5	Toru	1e-2
58	Torulaspora franciscae	GCA_003705175.3	Saccharomycetaceae	run		Torulaspora		Toru	1e-5	Toru	1e-2
59	Torulaspora pretoriensis	GCA_012851205.1	Saccharomycetaceae	run		Torulaspora		Toru	1e-5	Toru	1e-2
60	Torulaspora sp. 2017 36-1	GCA_040114505.1	Saccharomycetaceae	run		Torulaspora		Toru	1e-5	Toru	1e-2
61	Torulaspora indica	GCA_931305995.1	Saccharomycetaceae	run		Torulaspora		Toru	1e-5	Toru	1e-2
62	Henningerozyma blattae	GCA_000315915.1	Saccharomycetaceae	run		Henningerozyma		Henningerozyma	1e-6	ZT	1e-2
63	Yueomyces sinensis	GCA_030581855.1	Saccharomycetaceae	run		Yueomyces		Saccharomyces	1e-6	ZT	1e-2
64	Yueomyces sp. yHKB289	GCA_030580315.1	Saccharomycetaceae	run		Yueomyces		Saccharomyces	1e-6	ZT	1e-2
65	Yueomyces silvicola	GCA_030179955.1	Saccharomycetaceae	run		Yueomyces		Saccharomyces	1e-6	ZT	1e-2
66	Vanderwaltozyma polyspora	GCA_000150035.1	Saccharomycetaceae	run		Vanderwaltozyma		Vanderwaltozyma	1e-5	Vanderwaltozyma	1e-2
67	Vanderwaltozyma tropicalis	GCA_030555675.1	Saccharomycetaceae	run		Vanderwaltozyma		Vanderwaltozyma	1e-5	Vanderwaltozyma	1e-2
68	Vanderwaltozyma yanomamii	GCA_041380205.1	Saccharomycetaceae	run		Vanderwaltozyma		Vanderwaltozyma	1e-5	Vanderwaltozyma	1e-2
69	Vanderwaltozyma verrucispora	GCA_030565105.1	Saccharomycetaceae	run		Vanderwaltozyma		Vanderwaltozyma	1e-5	Vanderwaltozyma	1e-2
70	Vanderwaltozyma yarrowii	GCA_030568135.1	Saccharomycetaceae	run		Vanderwaltozyma		Vanderwaltozyma	1e-5	Vanderwaltozyma	1e-2
71	Tetrapisispora iriomotensis	GCA_003705975.2	Saccharomycetaceae	run		Tetrapisispora		Tetrapisispora	1e-5	Tetrapisispora	1e-2
72	Tetrapisispora phaffii	GCA_000236905.1	Saccharomycetaceae	run		Tetrapisispora		Tetrapisispora	1e-5	Tetrapisispora	1e-2
73	Tetrapisispora fleetii	GCA_003707605.2	Saccharomycetaceae	run		Tetrapisispora		Tetrapisispora	1e-5	Tetrapisispora	1e-2
74	Tetrapisispora namnaoensis	GCA_003705985.2	Saccharomycetaceae	run		Tetrapisispora		Tetrapisispora	1e-5	Tetrapisispora	1e-2
75	Tetrapisispora nanseiensis	GCA_030568035.1	Saccharomycetaceae	run		Tetrapisispora		Tetrapisispora	1e-5	Tetrapisispora	1e-2
76	Tetrapisispora arboricola	GCA_030557565.1	Saccharomycetaceae	run		Tetrapisispora		Tetrapisispora	1e-5	Tetrapisispora	1e-2
77	Tetrapisispora pingtungensis	GCA_030573885.1	Saccharomycetaceae	run		Tetrapisispora		Tetrapisispora	1e-5	Tetrapisispora	1e-2
78	Tetrapisispora taiwanensis	GCA_030573835.1	Saccharomycetaceae	run		Tetrapisispora		Tetrapisispora	1e-5	Tetrapisispora	1e-2
79	Naumovozyma dairenensis	GCA_000227115.2	Saccharomycetaceae	excluded	no entry in PCAn v1.0's motif table	Naumovozyma					
80	Naumovozyma baii	GCA_030568095.1	Saccharomycetaceae	excluded	no entry in PCAn v1.0's motif table	Naumovozyma					
81	Naumovozyma castellii	GCA_000237345.1	Saccharomycetaceae	excluded	no entry in PCAn v1.0's motif table	Naumovozyma					
82	Kazachstania africana	GCA_000304475.1	Saccharomycetaceae	run		Kazachstania	africana	Kafricana	1e-6	Kafricana	1e-2
83	Kazachstania viticola	GCA_030571575.1	Saccharomycetaceae	run		Kazachstania	viticola	Ka_Full	1e-6	ZT	1e-2
84	Jamesozyma lodderae	GCA_030571655.1	Saccharomycetaceae	run		Jamesozyma		Ka_Full	1e-6	Jamesozyma	1e-2
85	Jamesozyma jinghongensis	GCA_030572895.1	Saccharomycetaceae	run		Jamesozyma		Ka_Full	1e-6	Jamesozyma	1e-2
86	Jamesozyma spencerorum	GCA_003708825.3	Saccharomycetaceae	run		Jamesozyma		Ka_Full	1e-6	Jamesozyma	1e-2
87	Jamesozyma piceae	GCA_030674245.1	Saccharomycetaceae	run		Jamesozyma		Ka_Full	1e-6	Jamesozyma	1e-2
88	Jamesozyma rosinii	GCA_003708425.3	Saccharomycetaceae	run		Jamesozyma		Ka_Full	1e-6	Jamesozyma	1e-2
89	Jamesozyma gamospora	GCA_030462905.1	Saccharomycetaceae	run		Jamesozyma		Ka_Full	1e-6	Jamesozyma	1e-2
90	Jamesozyma hellenica	GCA_030571615.1	Saccharomycetaceae	run		Jamesozyma		Ka_Full	1e-6	Jamesozyma	1e-2
91	Kazachstania psychrophila	GCA_030579255.1	Saccharomycetaceae	run		Kazachstania	psychrophila	Ka_Full	1e-6	ZT	1e-2
92	Kazachstania kunashirensis	GCA_003708465.2	Saccharomycetaceae	run		Kazachstania	kunashirensis	Ka_Full	1e-6	ZT	1e-2
93	Maudiozyma humilis	GCA_020313495.2	Saccharomycetaceae	run		Maudiozyma		Ka_Full	1e-6	ZT	1e-2
94	Maudiozyma pseudohumilis	GCA_030579215.1	Saccharomycetaceae	run		Maudiozyma		Ka_Full	1e-6	ZT	1e-2
95	Maudiozyma bulderi	GCA_933962305.1	Saccharomycetaceae	run		Maudiozyma		Ka_Full	1e-6	ZT	1e-2
96	Maudiozyma exigua	GCA_016584175.1	Saccharomycetaceae	run		Maudiozyma		Ka_Full	1e-6	ZT	1e-2
97	Maudiozyma turicensis	GCA_030583465.1	Saccharomycetaceae	run		Maudiozyma		Ka_Full	1e-6	ZT	1e-2
98	Maudiozyma barnettii	GCA_903064755.1	Saccharomycetaceae	run		Maudiozyma		Ka_Full	1e-6	ZT	1e-2
99	Maudiozyma saulgeensis	GCA_900180425.1	Saccharomycetaceae	run		Maudiozyma		Ka_Full	1e-6	ZT	1e-2
100	Maudiozyma serrabonitensis	GCA_030571355.1	Saccharomycetaceae	run		Maudiozyma		Ka_Full	1e-6	ZT	1e-2
101	Kazachstania martiniae	GCA_003708925.3	Saccharomycetaceae	run		Kazachstania	martiniae	Ka_Full	1e-6	ZT	1e-2
102	Sungouiozyma ichnusensis	GCA_030580495.1	Saccharomycetaceae	run		Sungouiozyma		Ka_Full	1e-6	ZT	1e-2
103	Sungouiozyma intestinalis	GCA_003708845.3	Saccharomycetaceae	run		Sungouiozyma		Ka_Full	1e-6	ZT	1e-2
104	Kazachstania bromeliacearum	GCA_003708535.3	Saccharomycetaceae	run		Kazachstania	bromeliacearum	Ka_Full	1e-6	ZT	1e-2
105	Huiozyma naganishii	GCA_000348985.1	Saccharomycetaceae	run		Huiozyma		Knagsin	1e-5	Knagsin	1e-2
106	Huiozyma sinensis	GCA_030705205.1	Saccharomycetaceae	run		Huiozyma		Knagsin	1e-5	Knagsin	1e-2
107	Kazachstania taianensis	GCA_003708865.2	Saccharomycetaceae	run		Kazachstania	taianensis	Ktai	1e-7	ZT	1e-2
108	Grigorovia jiainica	GCA_030571715.1	Saccharomycetaceae	run		Grigorovia		Grig	1e-5	Grig	1e-2
109	Grigorovia yakushimaensis	GCA_003709265.2	Saccharomycetaceae	run		Grigorovia		Grig	1e-5	Grig	1e-2
110	Grigorovia transvaalensis	GCA_003708445.3	Saccharomycetaceae	run		Grigorovia		Grig	1e-5	Grig	1e-2
111	Grigorovia humatica	GCA_030462875.1	Saccharomycetaceae	run		Grigorovia		Grig	1e-5	Grig	1e-2
112	Arxiozyma slooffiae	GCA_017347545.2	Saccharomycetaceae	run		Arxiozyma		Arxiozyma	1e-6	Arxiozyma	1e-3
113	Arxiozyma bovina	GCA_030580575.1	Saccharomycetaceae	run		Arxiozyma		Arxiozyma	1e-6	Arxiozyma	1e-3
114	Arxiozyma telluris	GCA_030571675.1	Saccharomycetaceae	run		Arxiozyma		Arxiozyma	1e-6	Arxiozyma	1e-3
115	Arxiozyma heterogenica	GCA_030674295.1	Saccharomycetaceae	run		Arxiozyma		Arxiozyma	1e-6	Arxiozyma	1e-3
116	Arxiozyma pintolopesii	GCA_950065675.1	Saccharomycetaceae	run		Arxiozyma		Arxiozyma	1e-6	Arxiozyma	1e-3
117	Arxiozyma sp. Y4206	GCA_023629195.1	Saccharomycetaceae	run		Arxiozyma		Arxiozyma	1e-6	Arxiozyma	1e-3
118	Arxiozyma sp. VP_05	GCA_041430495.1	Saccharomycetaceae	run		Arxiozyma		Arxiozyma	1e-6	Arxiozyma	1e-3
119	Monosporozyma aquatica	GCA_030571515.1	Saccharomycetaceae	run		Monosporozyma		Kaq-Ksol	1e-6	ZT	1e-2
120	Monosporozyma siamensis	GCA_003708905.3	Saccharomycetaceae	run		Monosporozyma		Kaq-Ksol	1e-6	ZT	1e-2
121	Monosporozyma unispora	GCA_003708525.3	Saccharomycetaceae	run		Monosporozyma		Kaq-Ksol	1e-6	ZT	1e-2
122	Monosporozyma yasuniensis	GCA_030558655.1	Saccharomycetaceae	run		Monosporozyma		Kaq-Ksol	1e-6	ZT	1e-2
123	Monosporozyma servazzii	GCA_028408395.1	Saccharomycetaceae	run		Monosporozyma		Kaq-Ksol	1e-6	ZT	1e-2
124	Monosporozyma aerobia	GCA_028408415.1	Saccharomycetaceae	run		Monosporozyma		Kaq-Ksol	1e-6	ZT	1e-2
125	Monosporozyma solicola	GCA_030571535.1	Saccharomycetaceae	run		Monosporozyma		Kaq-Ksol	1e-6	ZT	1e-2
126	Cylindricascospora bacillispora	GCA_030573655.1	Saccharomycetaceae	run		Cylindricascospora		ScSuCgVp	1e-6	ZT	1e-2
127	Oligophagozyma castellii	GCA_030556345.1	Saccharomycetaceae	run		Oligophagozyma		ScSuCgVp	1e-5	ZT	1e-2
128	Nakaseomyces glabratus	GCA_000002545.2	Saccharomycetaceae	run		Nakaseomyces		Nakaseomyces	1e-6	ZT	1e-2
129	Nakaseomyces uthaithaninus	GCA_030564085.1	Saccharomycetaceae	run		Nakaseomyces		Nakaseomyces	1e-6	ZT	1e-2
130	Nakaseomyces bracarensis	GCA_030569875.1	Saccharomycetaceae	run		Nakaseomyces		Nakaseomyces	1e-6	ZT	1e-2
131	Nakaseomyces delphensis	GCA_001039675.1	Saccharomycetaceae	run		Nakaseomyces		Nakaseomyces	1e-6	ZT	1e-2
132	Nakaseomyces sp. yHDO568	GCA_030571395.1	Saccharomycetaceae	run		Nakaseomyces		Nakaseomyces	1e-6	ZT	1e-2
133	Nakaseomyces kungkrabaensis	GCA_030556385.1	Saccharomycetaceae	run		Nakaseomyces		Nakaseomyces	1e-6	ZT	1e-2
134	Nakaseomyces nivariensis	GCA_017309295.1	Saccharomycetaceae	run		Nakaseomyces		Nakaseomyces	1e-6	ZT	1e-2
135	Saccharomyces eubayanus	GCA_001298625.1	Saccharomycetaceae	run		Saccharomyces		Saccharomyces	1e-6	ZT	1e-2
136	Saccharomyces uvarum	GCA_947243795.1	Saccharomycetaceae	run		Saccharomyces		Saccharomyces	1e-6	ZT	1e-2
137	Saccharomyces arboricola	GCA_000292725.1	Saccharomycetaceae	run		Saccharomyces		Saccharomyces	1e-6	ZT	1e-2
138	Saccharomyces kudriavzevii	GCA_947243775.1	Saccharomycetaceae	run		Saccharomyces		Saccharomyces	1e-6	ZT	1e-2
139	Saccharomyces mikatae	GCA_947241705.1	Saccharomycetaceae	run		Saccharomyces		Saccharomyces	1e-6	ZT	1e-2
140	Saccharomyces jurei	GCA_900290405.1	Saccharomycetaceae	run		Saccharomyces		Saccharomyces	1e-6	ZT	1e-2
141	Saccharomyces paradoxus	GCA_002079055.1	Saccharomycetaceae	run		Saccharomyces		Saccharomyces	1e-6	ZT	1e-2
142	Saccharomyces cerevisiae	GCA_000146045.2	Saccharomycetaceae	run		Saccharomyces		Saccharomyces	1e-6	ZT	1e-2
143	Mucor lusitanicus	GCA_010203745.1	Mucoromycota	excluded	Mucoromycota; predicted with PCAn_mucor, out of scope for arm 0						
144	Mucor velutinosus	GCA_035048745.1	Mucoromycota	excluded	Mucoromycota; predicted with PCAn_mucor, out of scope for arm 0						
145	Mucor racemosus	GCA_027405735.1	Mucoromycota	excluded	Mucoromycota; predicted with PCAn_mucor, out of scope for arm 0						
146	Mucor plumbeus	GCA_016758945.1	Mucoromycota	excluded	Mucoromycota; predicted with PCAn_mucor, out of scope for arm 0						
147	Parasitella parasitica	GCA_025201805.1	Mucoromycota	excluded	Mucoromycota; predicted with PCAn_mucor, out of scope for arm 0						
148	Ellisomyces anomalus	JGI - https://mycocosm.jgi.doe.gov/Ellano2/Ellano2.home.html	Mucoromycota	excluded	Mucoromycota; predicted with PCAn_mucor, out of scope for arm 0						
149	Chaetocladium brefeldii	JGI - https://mycocosm.jgi.doe.gov/Chabre1/Chabre1.home.html	Mucoromycota	excluded	Mucoromycota; predicted with PCAn_mucor, out of scope for arm 0						
150	Mucor circinelloides - 1006PhL	GCA_000401635.1	Mucoromycota	excluded	Mucoromycota; predicted with PCAn_mucor, out of scope for arm 0						
151	Mucor circinelloides - B8987	GCA_000696935.1	Mucoromycota	excluded	Mucoromycota; predicted with PCAn_mucor, out of scope for arm 0						
152	Mucor circinelloides - PF3102	GCA_023629755.1	Mucoromycota	excluded	Mucoromycota; predicted with PCAn_mucor, out of scope for arm 0						
153	Mucor circinelloides - P1204	GCA_023629815.1	Mucoromycota	excluded	Mucoromycota; predicted with PCAn_mucor, out of scope for arm 0						
154	Mucor circinelloides - S1115	GCA_023629835.1	Mucoromycota	excluded	Mucoromycota; predicted with PCAn_mucor, out of scope for arm 0						
155	Mucor circinelloides - PT2201	GCA_023630435.1	Mucoromycota	excluded	Mucoromycota; predicted with PCAn_mucor, out of scope for arm 0						
156	Mucor circinelloides - PL2203S	GCA_023630465.1	Mucoromycota	excluded	Mucoromycota; predicted with PCAn_mucor, out of scope for arm 0						
157	Mucor circinelloides - PB2204	GCA_023630475.1	Mucoromycota	excluded	Mucoromycota; predicted with PCAn_mucor, out of scope for arm 0						
158	Mucor circinelloides - PX3102	GCA_023630555.1	Mucoromycota	excluded	Mucoromycota; predicted with PCAn_mucor, out of scope for arm 0						
159	Mucor circinelloides - F1241	GCA_025504485.1	Mucoromycota	excluded	Mucoromycota; predicted with PCAn_mucor, out of scope for arm 0						
160	Mucor circinelloides - P1003	GCA_025504515.1	Mucoromycota	excluded	Mucoromycota; predicted with PCAn_mucor, out of scope for arm 0						
161	Mucor circinelloides - FMV-FR1	GCA_037974945.1	Mucoromycota	excluded	Mucoromycota; predicted with PCAn_mucor, out of scope for arm 0						
162	Mucor circinelloides - F3	GCA_048772875.1	Mucoromycota	excluded	Mucoromycota; predicted with PCAn_mucor, out of scope for arm 0						
163	Hanseniaspora vineae	GCA 000585475.3	Saccharomycodaceae	excluded	Saccharomycodaceae, not Saccharomycetaceae; out of scope for arm 0						
164	Hanseniaspora osmophila	GCA 001747045.1	Saccharomycodaceae	excluded	Saccharomycodaceae, not Saccharomycetaceae; out of scope for arm 0						
165	Hanseniaspora occidentalis var. citrica	GCA 030573535.1	Saccharomycodaceae	excluded	Saccharomycodaceae, not Saccharomycetaceae; out of scope for arm 0						
166	Hanseniaspora gamundiae	GCA 003020785.1	Saccharomycodaceae	excluded	Saccharomycodaceae, not Saccharomycetaceae; out of scope for arm 0						
