accession	species	arm0_role	genus	status	pcan_exit_status	n_calls	elapsed_s	max_rss_mb	fimo_pass1_hits	fimo_pass2_hits	fimo_max_stored_scores_warning	trace_matches_pcan	candidates	median_top5_cdeii_len	cdeiii_motif	cdeiii_threshold	cdei_motif	cdei_threshold	error
GCA_000002515.1	Kluyveromyces lactis	run	Kluyveromyces	ok	0	6	15.8	107	52	14	no	yes	14	164.0	CDEIII_Kluyveromyces_MEME.txt	1E-6	CDEI_ZT_MEME.txt	1E-3	
GCA_000002545.2	Nakaseomyces glabratus	run	Nakaseomyces	ok	0	13	26.1	103	28	80	no	yes	80	77.0	CDEIII_Nakaseomyces_MEME.txt	1E-6	CDEI_ZT_MEME.txt	1E-2	
GCA_000026365.1	Zygosaccharomyces rouxii	run	Zygosaccharomyces	ok	0	7	12.8	103	27	12	no	yes	12	134.0	CDEIII_ZygoSacch_MEME.txt	1E-6	CDEI_ZygoSacch_MEME.txt	1E-3	
GCA_000091025.4	Eremothecium gossypii	run	Eremothecium	ok	0	7	10.5	103	20	46	no	yes	46	167.0	CDEIII_EreLach_MEME.txt	1E-6	CDEI_ZT_MEME.txt	1E-2	
GCA_000142805.1	Lachancea thermotolerans	run	Lachancea	ok	0	8	28.5	104	164	430	no	yes	430	94.0	CDEIII_Lachancea_MEME.txt	1E-5	CDEI_Lachancea_MEME.txt	1E-2	
GCA_000146045.2	Saccharomyces cerevisiae	run	Saccharomyces	ok	0	16	12.7	101	47	94	no	yes	94	85.0	CDEIII_Saccharomyces_MEME.txt	1E-6	CDEI_ZT_MEME.txt	1E-2	
GCA_000149225.2	Lachancea kluyveri	run	Lachancea	ok	0	8	56.7	106	345	884	no	yes	884	164.0	CDEIII_Lachancea_MEME.txt	1E-5	CDEI_Lachancea_MEME.txt	1E-2	
GCA_000150035.1	Vanderwaltozyma polyspora	run	Vanderwaltozyma	ok	0	14	85.2	99	644	1105	no	yes	1105	76.0	CDEIII_Vanderwaltozyma_MEME.txt	1E-5	CDEI_Vanderwaltozyma_MEME.txt	1E-2	
GCA_000167115.1	Lachancea waltii	run	Lachancea	ok	0	8	33.9	96	198	551	no	yes	551	93.0	CDEIII_Lachancea_MEME.txt	1E-5	CDEI_Lachancea_MEME.txt	1E-2	
GCA_000235365.1	Eremothecium cymbalariae	run	Eremothecium	ok	0	8	12.2	102	33	107	no	yes	107	165.0	CDEIII_EreLach_MEME.txt	1E-6	CDEI_ZT_MEME.txt	1E-2	
GCA_000236905.1	Tetrapisispora phaffii	run	Tetrapisispora	ok	0	15	103.7	102	966	2483	no	yes	2483	136.0	CDEIII_Tetrapisispora_MEME.txt	1E-5	CDEI_Tetrapisispora_MEME.txt	1E-2	
GCA_000243375.1	Torulaspora delbrueckii	run	Torulaspora	ok	0	8	27.2	101	143	335	no	yes	335	133.0	CDEIII_Toru_MEME.txt	1E-5	CDEI_Toru_MEME.txt	1E-2	
GCA_000292725.1	Saccharomyces arboricola	run	Saccharomyces	ok	0	16	17.2	101	47	100	no	yes	100	85.0	CDEIII_Saccharomyces_MEME.txt	1E-6	CDEI_ZT_MEME.txt	1E-2	
GCA_000304475.1	Kazachstania africana	run	Kazachstania	ok	0	12	15.1	102	34	70	no	yes	70	49.0	CDEIII_Kafricana_MEME.txt	1E-6	CDEI_Kafricana_MEME.txt	1E-2	
GCA_000315915.1	Henningerozyma blattae	run	Henningerozyma	ok	0	8	32.1	106	58	108	no	yes	108	194.0	CDEIII_Henningerozyma_MEME.txt	1E-6	CDEI_ZT_MEME.txt	1E-2	
GCA_000348985.1	Huiozyma naganishii	run	Huiozyma	ok	0	13	37.5	101	353	913	no	yes	913	49.0	CDEIII_Knagsin_MEME.txt	1E-5	CDEI_Knagsin_MEME.txt	1E-2	
GCA_000412225.2	Ashbya aceri	run	Ashbya	ok	0	7	10.2	102	18	59	no	yes	59	166.0	CDEIII_EreLach_MEME.txt	1E-6	CDEI_ZT_MEME.txt	1E-2	
GCA_000710315.1	Eremothecium coryli	run	Eremothecium	ok	0	6	10.9	100	25	52	no	yes	52	165.0	CDEIII_EreLach_MEME.txt	1E-6	CDEI_ZT_MEME.txt	1E-2	
GCA_000938715.1	Lachancea lanzarotensis	run	Lachancea	ok	0	7	45.9	102	226	583	no	yes	583	94.0	CDEIII_Lachancea_MEME.txt	1E-5	CDEI_Lachancea_MEME.txt	1E-2	
GCA_001039675.1	Nakaseomyces delphensis	run	Nakaseomyces	ok	0	10	13.3	96	30	80	no	yes	80	78.0	CDEIII_Nakaseomyces_MEME.txt	1E-6	CDEI_ZT_MEME.txt	1E-2	
GCA_001298625.1	Saccharomyces eubayanus	run	Saccharomyces	ok	0	16	17.2	99	54	120	no	yes	120	86.0	CDEIII_Saccharomyces_MEME.txt	1E-6	CDEI_ZT_MEME.txt	1E-2	
GCA_001417885.1	Kluyveromyces marxianus	run	Kluyveromyces	ok	0	8	17.1	101	57	19	no	yes	19	165.0	CDEIII_Kluyveromyces_MEME.txt	1E-6	CDEI_ZT_MEME.txt	1E-3	
GCA_001548555.1	Eremothecium sinecaudum	run	Eremothecium	ok	0	7	11.8	101	35	67	no	yes	67	165.0	CDEIII_EreLach_MEME.txt	1E-6	CDEI_ZT_MEME.txt	1E-2	
GCA_001984395.2	Zygosaccharomyces parabailii	run	Zygosaccharomyces	ok	0	14	37.9	103	67	24	no	yes	24	133.0	CDEIII_ZygoSacch_MEME.txt	1E-6	CDEI_ZygoSacch_MEME.txt	1E-3	
GCA_002079055.1	Saccharomyces paradoxus	run	Saccharomyces	ok	0	16	12.7	100	46	89	no	yes	89	86.0	CDEIII_Saccharomyces_MEME.txt	1E-6	CDEI_ZT_MEME.txt	1E-2	
GCA_002900925.1	Lachancea quebecensis	run	Lachancea	ok	0	8	30.0	99	190	574	no	yes	574	95.0	CDEIII_Lachancea_MEME.txt	1E-5	CDEI_Lachancea_MEME.txt	1E-2	
GCA_003670155.1	Kluyveromyces nonfermentans	run	Kluyveromyces	ok	0	9	17.6	98	91	28	no	yes	28	163.0	CDEIII_Kluyveromyces_MEME.txt	1E-6	CDEI_ZT_MEME.txt	1E-3	
GCA_003671575.3	Zygotorulaspora florentina	run	Zygotorulaspora	ok	0	8	42.6	100	314	790	no	yes	790	134.0	CDEIII_ZygoToru_MEME.txt	1E-5	CDEI_ZT_MEME.txt	1E-2	
GCA_003705175.3	Torulaspora franciscae	run	Torulaspora	ok	0	7	25.4	99	173	385	no	yes	385	132.0	CDEIII_Toru_MEME.txt	1E-5	CDEI_Toru_MEME.txt	1E-2	
GCA_003705805.3	Kluyveromyces dobzhanskii	run	Kluyveromyces	ok	0	7	17.2	100	63	24	no	yes	24	166.0	CDEIII_Kluyveromyces_MEME.txt	1E-6	CDEI_ZT_MEME.txt	1E-3	
GCA_003705955.2	Zygosaccharomyces kombuchaensis	run	Zygosaccharomyces	ok	0	8	12.1	95	25	11	no	yes	11	133.0	CDEIII_ZygoSacch_MEME.txt	1E-6	CDEI_ZygoSacch_MEME.txt	1E-3	
GCA_003705975.2	Tetrapisispora iriomotensis	run	Tetrapisispora	ok	0	16	127.0	101	863	2056	no	yes	2056	125.0	CDEIII_Tetrapisispora_MEME.txt	1E-5	CDEI_Tetrapisispora_MEME.txt	1E-2	
GCA_003705985.2	Tetrapisispora namnaoensis	run	Tetrapisispora	ok	0	15	124.3	101	1134	2798	no	yes	2798	125.0	CDEIII_Tetrapisispora_MEME.txt	1E-5	CDEI_Tetrapisispora_MEME.txt	1E-2	
GCA_003707555.2	Kluyveromyces aestuarii	run	Kluyveromyces	ok	0	8	16.7	98	71	23	no	yes	23	162.0	CDEIII_Kluyveromyces_MEME.txt	1E-6	CDEI_ZT_MEME.txt	1E-3	
GCA_003707595.2	Zygosaccharomyces bisporus	run	Zygosaccharomyces	ok	0	8	16.2	96	31	16	no	yes	16	133.0	CDEIII_ZygoSacch_MEME.txt	1E-6	CDEI_ZygoSacch_MEME.txt	1E-3	
GCA_003707605.2	Tetrapisispora fleetii	run	Tetrapisispora	ok	0	14	113.4	102	961	2419	no	yes	2419	134.0	CDEIII_Tetrapisispora_MEME.txt	1E-5	CDEI_Tetrapisispora_MEME.txt	1E-2	
GCA_003708055.3	Torulaspora maleeae	run	Torulaspora	ok	0	7	19.2	99	118	296	no	yes	296	133.0	CDEIII_Toru_MEME.txt	1E-5	CDEI_Toru_MEME.txt	1E-2	
GCA_003708425.3	Jamesozyma rosinii	run	Jamesozyma	ok	0	14	12.8	97	26	63	no	yes	63	49.0	CDEIII_Ka_Full_MEME.txt	1E-6	CDEI_Jamesozyma_MEME.txt	1E-2	
GCA_003708445.3	Grigorovia transvaalensis	run	Grigorovia	ok	0	16	52.1	99	429	913	no	yes	913	49.0	CDEIII_Grig_MEME.txt	1E-5	CDEI_Grig_MEME.txt	1E-2	
GCA_003708465.2	Kazachstania kunashirensis	run	Kazachstania	ok	0	11	12.5	96	21	44	no	yes	44	51.0	CDEIII_Ka_Full_MEME.txt	1E-6	CDEI_ZT_MEME.txt	1E-2	
GCA_003708525.3	Monosporozyma unispora	run	Monosporozyma	ok	0	14	57.7	98	526	1028	no	yes	1028	50.0	CDEIII_Kaq-Ksol_MEME.txt	1E-6	CDEI_ZT_MEME.txt	1E-2	
GCA_003708535.3	Kazachstania bromeliacearum	run	Kazachstania	ok	0	10	12.8	96	27	57	no	yes	57	49.0	CDEIII_Ka_Full_MEME.txt	1E-6	CDEI_ZT_MEME.txt	1E-2	
GCA_003708825.3	Jamesozyma spencerorum	run	Jamesozyma	ok	0	16	13.6	96	26	63	no	yes	63	61.0	CDEIII_Ka_Full_MEME.txt	1E-6	CDEI_Jamesozyma_MEME.txt	1E-2	
GCA_003708845.3	Sungouiozyma intestinalis	run	Sungouiozyma	ok	0	8	10.9	96	18	39	no	yes	39	50.0	CDEIII_Ka_Full_MEME.txt	1E-6	CDEI_ZT_MEME.txt	1E-2	
GCA_003708865.2	Kazachstania taianensis	run	Kazachstania	ok	0	16	12.4	96	17	42	no	yes	42	49.0	CDEIII_Ktai_MEME.txt	1E-7	CDEI_ZT_MEME.txt	1E-2	
GCA_003708905.3	Monosporozyma siamensis	run	Monosporozyma	ok	0	16	63.4	98	533	1018	no	yes	1018	50.0	CDEIII_Kaq-Ksol_MEME.txt	1E-6	CDEI_ZT_MEME.txt	1E-2	
GCA_003708925.3	Kazachstania martiniae	run	Kazachstania	ok	0	11	13.7	96	23	58	no	yes	58	49.0	CDEIII_Ka_Full_MEME.txt	1E-6	CDEI_ZT_MEME.txt	1E-2	
GCA_003709265.2	Grigorovia yakushimaensis	run	Grigorovia	ok	0	15	55.1	99	470	952	no	yes	952	49.0	CDEIII_Grig_MEME.txt	1E-5	CDEI_Grig_MEME.txt	1E-2	
GCA_005406105.1	Zygosaccharomyces mellis	run	Zygosaccharomyces	ok	0	7	15.2	97	30	13	no	yes	13	134.0	CDEIII_ZygoSacch_MEME.txt	1E-6	CDEI_ZygoSacch_MEME.txt	1E-3	
GCA_008973615.1	Kluyveromyces starmeri	run	Kluyveromyces	ok	0	8	12.4	98	26	13	no	yes	13	163.0	CDEIII_Kluyveromyces_MEME.txt	1E-6	CDEI_ZT_MEME.txt	1E-3	
GCA_012851205.1	Torulaspora pretoriensis	run	Torulaspora	ok	0	7	28.1	101	170	395	no	yes	395	132.0	CDEIII_Toru_MEME.txt	1E-5	CDEI_Toru_MEME.txt	1E-2	
GCA_013402915.1	Zygotorulaspora mrakii	run	Zygotorulaspora	ok	0	9	45.3	102	288	746	no	yes	746	134.0	CDEIII_ZygoToru_MEME.txt	1E-5	CDEI_ZT_MEME.txt	1E-2	
GCA_013423405.1	Zygosaccharomyces siamensis	run	Zygosaccharomyces	ok	0	7	15.0	97	41	15	no	yes	15	134.0	CDEIII_ZygoSacch_MEME.txt	1E-6	CDEI_ZygoSacch_MEME.txt	1E-3	
GCA_014133895.1	Torulaspora globosa	run	Torulaspora	ok	0	6	22.5	103	167	388	no	yes	388	133.0	CDEIII_Toru_MEME.txt	1E-5	CDEI_Toru_MEME.txt	1E-2	
GCA_016584175.1	Maudiozyma exigua	run	Maudiozyma	ok	0	11	18.5	95	32	75	no	yes	75	49.0	CDEIII_Ka_Full_MEME.txt	1E-6	CDEI_ZT_MEME.txt	1E-2	
GCA_017309295.1	Nakaseomyces nivariensis	run	Nakaseomyces	ok	0	13	18.4	100	30	68	no	yes	68	79.0	CDEIII_Nakaseomyces_MEME.txt	1E-6	CDEI_ZT_MEME.txt	1E-2	
GCA_017347545.2	Arxiozyma slooffiae	run	Arxiozyma	ok	0	15	389.6	104	2927	511	no	yes	511	47.0	CDEIII_Arxiozyma_MEME.txt	1E-6	CDEI_Arxiozyma_MEME.txt	1E-3	
GCA_017427045.1	Kluyveromyces sp. PCH397	run	Kluyveromyces	ok	0	8	20.0	95	73	28	no	yes	28	164.0	CDEIII_Kluyveromyces_MEME.txt	1E-6	CDEI_ZT_MEME.txt	1E-3	
GCA_020313495.2	Maudiozyma humilis	run	Maudiozyma	ok	0	12	17.8	102	29	99	no	yes	99	51.0	CDEIII_Ka_Full_MEME.txt	1E-6	CDEI_ZT_MEME.txt	1E-2	
GCA_023629195.1	Arxiozyma sp. Y4206	run	Arxiozyma	ok	0	16	147.9	99	1242	266	no	yes	266	50.0	CDEIII_Arxiozyma_MEME.txt	1E-6	CDEI_Arxiozyma_MEME.txt	1E-3	
GCA_028408395.1	Monosporozyma servazzii	run	Monosporozyma	ok	0	11	71.7	101	467	965	no	yes	965	51.0	CDEIII_Kaq-Ksol_MEME.txt	1E-6	CDEI_ZT_MEME.txt	1E-2	
GCA_028408415.1	Monosporozyma aerobia	run	Monosporozyma	ok	0	13	49.7	102	293	585	no	yes	585	50.0	CDEIII_Kaq-Ksol_MEME.txt	1E-6	CDEI_ZT_MEME.txt	1E-2	
GCA_030179955.1	Yueomyces silvicola	run	Yueomyces	ok	0	5	14.9	98	21	53	no	yes	53	111.0	CDEIII_Saccharomyces_MEME.txt	1E-6	CDEI_ZT_MEME.txt	1E-2	
GCA_030462825.1	Kluyveromyces sp. yHMH660	run	Kluyveromyces	ok	0	8	13.6	99	26	11	no	yes	11	162.0	CDEIII_Kluyveromyces_MEME.txt	1E-6	CDEI_ZT_MEME.txt	1E-3	
GCA_030462875.1	Grigorovia humatica	run	Grigorovia	ok	0	12	50.3	98	408	899	no	yes	899	49.0	CDEIII_Grig_MEME.txt	1E-5	CDEI_Grig_MEME.txt	1E-2	
GCA_030462905.1	Jamesozyma gamospora	run	Jamesozyma	ok	0	16	12.5	95	22	52	no	yes	52	48.0	CDEIII_Ka_Full_MEME.txt	1E-6	CDEI_Jamesozyma_MEME.txt	1E-2	
GCA_030555675.1	Vanderwaltozyma tropicalis	run	Vanderwaltozyma	ok	0	18	56.2	98	454	815	no	yes	815	77.0	CDEIII_Vanderwaltozyma_MEME.txt	1E-5	CDEI_Vanderwaltozyma_MEME.txt	1E-2	
GCA_030556345.1	Oligophagozyma castellii	run	Oligophagozyma	ok	0	9	31.2	98	270	698	no	yes	698	86.0	CDEIII_ScSuCgVp_MEME.txt	1E-5	CDEI_ZT_MEME.txt	1E-2	
GCA_030556385.1	Nakaseomyces kungkrabaensis	run	Nakaseomyces	ok	0	13	16.3	97	29	62	no	yes	62	78.0	CDEIII_Nakaseomyces_MEME.txt	1E-6	CDEI_ZT_MEME.txt	1E-2	
GCA_030557565.1	Tetrapisispora arboricola	run	Tetrapisispora	ok	0	18	154.8	102	1344	3350	no	yes	3350	125.0	CDEIII_Tetrapisispora_MEME.txt	1E-5	CDEI_Tetrapisispora_MEME.txt	1E-2	
GCA_030558655.1	Monosporozyma yasuniensis	run	Monosporozyma	ok	0	22	81.6	99	667	1300	no	yes	1300	50.0	CDEIII_Kaq-Ksol_MEME.txt	1E-6	CDEI_ZT_MEME.txt	1E-2	
GCA_030562185.1	Lachancea sp. yHQL494	run	Lachancea	ok	0	8	30.9	98	233	603	no	yes	603	93.0	CDEIII_Lachancea_MEME.txt	1E-5	CDEI_Lachancea_MEME.txt	1E-2	
GCA_030564085.1	Nakaseomyces uthaithaninus	run	Nakaseomyces	ok	0	13	13.8	96	22	60	no	yes	60	79.0	CDEIII_Nakaseomyces_MEME.txt	1E-6	CDEI_ZT_MEME.txt	1E-2	
GCA_030564205.1	Kluyveromyces wickerhamii	run	Kluyveromyces	ok	0	7	14.7	98	49	10	no	yes	10	163.0	CDEIII_Kluyveromyces_MEME.txt	1E-6	CDEI_ZT_MEME.txt	1E-3	
GCA_030565105.1	Vanderwaltozyma verrucispora	run	Vanderwaltozyma	ok	0	16	68.6	98	614	1068	no	yes	1068	76.0	CDEIII_Vanderwaltozyma_MEME.txt	1E-5	CDEI_Vanderwaltozyma_MEME.txt	1E-2	
GCA_030565665.1	Zygotorulaspora chibaensis	run	Zygotorulaspora	ok	0	8	36.9	100	268	718	no	yes	718	135.0	CDEIII_ZygoToru_MEME.txt	1E-5	CDEI_ZT_MEME.txt	1E-2	
GCA_030568035.1	Tetrapisispora nanseiensis	run	Tetrapisispora	ok	0	15	199.0	102	1468	3362	no	yes	3362	124.0	CDEIII_Tetrapisispora_MEME.txt	1E-5	CDEI_Tetrapisispora_MEME.txt	1E-2	
GCA_030568135.1	Vanderwaltozyma yarrowii	run	Vanderwaltozyma	ok	0	18	89.3	98	644	1226	no	yes	1226	77.0	CDEIII_Vanderwaltozyma_MEME.txt	1E-5	CDEI_Vanderwaltozyma_MEME.txt	1E-2	
GCA_030568175.1	Zygosaccharomyces lentus	run	Zygosaccharomyces	ok	0	8	13.8	97	28	14	no	yes	14	133.0	CDEIII_ZygoSacch_MEME.txt	1E-6	CDEI_ZygoSacch_MEME.txt	1E-3	
GCA_030569875.1	Nakaseomyces bracarensis	run	Nakaseomyces	ok	0	13	16.4	96	28	81	no	yes	81	78.0	CDEIII_Nakaseomyces_MEME.txt	1E-6	CDEI_ZT_MEME.txt	1E-2	
GCA_030569995.1	Lachancea cidri	run	Lachancea	ok	0	8	30.8	96	232	607	no	yes	607	163.0	CDEIII_Lachancea_MEME.txt	1E-5	CDEI_Lachancea_MEME.txt	1E-2	
GCA_030571275.1	Zygotorulaspora sp. yHDO592	run	Zygotorulaspora	ok	0	8	52.5	99	374	897	no	yes	897	133.0	CDEIII_ZygoToru_MEME.txt	1E-5	CDEI_ZT_MEME.txt	1E-2	
GCA_030571355.1	Maudiozyma serrabonitensis	run	Maudiozyma	ok	0	11	14.0	96	20	55	no	yes	55	49.0	CDEIII_Ka_Full_MEME.txt	1E-6	CDEI_ZT_MEME.txt	1E-2	
GCA_030571395.1	Nakaseomyces sp. yHDO568	run	Nakaseomyces	ok	0	15	15.5	96	35	88	no	yes	88	80.0	CDEIII_Nakaseomyces_MEME.txt	1E-6	CDEI_ZT_MEME.txt	1E-2	
GCA_030571515.1	Monosporozyma aquatica	run	Monosporozyma	ok	0	26	80.7	98	587	1184	no	yes	1184	50.0	CDEIII_Kaq-Ksol_MEME.txt	1E-6	CDEI_ZT_MEME.txt	1E-2	
GCA_030571535.1	Monosporozyma solicola	run	Monosporozyma	ok	0	15	55.8	98	305	645	no	yes	645	50.0	CDEIII_Kaq-Ksol_MEME.txt	1E-6	CDEI_ZT_MEME.txt	1E-2	
GCA_030571545.1	Zygosaccharomyces gambellarensis	run	Zygosaccharomyces	ok	0	7	14.5	97	39	15	no	yes	15	134.0	CDEIII_ZygoSacch_MEME.txt	1E-6	CDEI_ZygoSacch_MEME.txt	1E-3	
GCA_030571575.1	Kazachstania viticola	run	Kazachstania	ok	0	16	12.7	96	25	50	no	yes	50	49.0	CDEIII_Ka_Full_MEME.txt	1E-6	CDEI_ZT_MEME.txt	1E-2	
GCA_030571615.1	Jamesozyma hellenica	run	Jamesozyma	ok	0	16	14.9	95	27	69	no	yes	69	48.0	CDEIII_Ka_Full_MEME.txt	1E-6	CDEI_Jamesozyma_MEME.txt	1E-2	
GCA_030571655.1	Jamesozyma lodderae	run	Jamesozyma	ok	0	13	13.9	96	27	62	no	yes	62	50.0	CDEIII_Ka_Full_MEME.txt	1E-6	CDEI_Jamesozyma_MEME.txt	1E-2	
GCA_030571675.1	Arxiozyma telluris	run	Arxiozyma	ok	0	19	164.7	97	1273	313	no	yes	313	50.0	CDEIII_Arxiozyma_MEME.txt	1E-6	CDEI_Arxiozyma_MEME.txt	1E-3	
GCA_030571715.1	Grigorovia jiainica	run	Grigorovia	ok	0	7	66.1	98	486	1086	no	yes	1086	149.0	CDEIII_Grig_MEME.txt	1E-5	CDEI_Grig_MEME.txt	1E-2	
GCA_030572675.1	Zygosaccharomyces pseudorouxii	run	Zygosaccharomyces	ok	0	7	12.0	97	33	12	no	yes	12	134.0	CDEIII_ZygoSacch_MEME.txt	1E-6	CDEI_ZygoSacch_MEME.txt	1E-3	
GCA_030572895.1	Jamesozyma jinghongensis	run	Jamesozyma	ok	0	16	13.7	96	32	89	no	yes	89	59.0	CDEIII_Ka_Full_MEME.txt	1E-6	CDEI_Jamesozyma_MEME.txt	1E-2	
GCA_030572985.1	Zygotorulaspora danielsina	run	Zygotorulaspora	ok	0	8	68.8	100	314	801	no	yes	801	133.0	CDEIII_ZygoToru_MEME.txt	1E-5	CDEI_ZT_MEME.txt	1E-2	
GCA_030573655.1	Cylindricascospora bacillispora	run	Cylindricascospora	ok	0	15	34.0	96	54	119	no	yes	119	127.0	CDEIII_ScSuCgVp_MEME.txt	1E-6	CDEI_ZT_MEME.txt	1E-2	
GCA_030573835.1	Tetrapisispora taiwanensis	run	Tetrapisispora	ok	0	11	198.7	105	1913	4150	no	yes	4150	42.0	CDEIII_Tetrapisispora_MEME.txt	1E-5	CDEI_Tetrapisispora_MEME.txt	1E-2	
GCA_030573885.1	Tetrapisispora pingtungensis	run	Tetrapisispora	ok	0	17	173.9	104	1654	3820	no	yes	3820	125.0	CDEIII_Tetrapisispora_MEME.txt	1E-5	CDEI_Tetrapisispora_MEME.txt	1E-2	
GCA_030579215.1	Maudiozyma pseudohumilis	run	Maudiozyma	ok	0	9	13.0	95	14	45	no	yes	45	51.0	CDEIII_Ka_Full_MEME.txt	1E-6	CDEI_ZT_MEME.txt	1E-2	
GCA_030579255.1	Kazachstania psychrophila	run	Kazachstania	ok	0	15	12.6	97	24	53	no	yes	53	50.0	CDEIII_Ka_Full_MEME.txt	1E-6	CDEI_ZT_MEME.txt	1E-2	
GCA_030579315.1	Kluyveromyces siamensis	run	Kluyveromyces	ok	0	8	17.4	97	75	20	no	yes	20	163.0	CDEIII_Kluyveromyces_MEME.txt	1E-6	CDEI_ZT_MEME.txt	1E-3	
GCA_030580195.1	Torulaspora sp. yHMJ407	run	Torulaspora	ok	0	6	19.4	99	115	271	no	yes	271	134.0	CDEIII_Toru_MEME.txt	1E-5	CDEI_Toru_MEME.txt	1E-2	
GCA_030580315.1	Yueomyces sp. yHKB289	run	Yueomyces	ok	0	5	14.4	97	24	51	no	yes	51	40.0	CDEIII_Saccharomyces_MEME.txt	1E-6	CDEI_ZT_MEME.txt	1E-2	
GCA_030580495.1	Sungouiozyma ichnusensis	run	Sungouiozyma	ok	0	8	12.4	100	17	44	no	yes	44	50.0	CDEIII_Ka_Full_MEME.txt	1E-6	CDEI_ZT_MEME.txt	1E-2	
GCA_030580575.1	Arxiozyma bovina	run	Arxiozyma	ok	0	20	154.2	97	1231	243	no	yes	243	51.0	CDEIII_Arxiozyma_MEME.txt	1E-6	CDEI_Arxiozyma_MEME.txt	1E-3	
GCA_030581855.1	Yueomyces sinensis	run	Yueomyces	ok	0	2	16.0	96	14	27	no	yes	27	168.0	CDEIII_Saccharomyces_MEME.txt	1E-6	CDEI_ZT_MEME.txt	1E-2	
GCA_030583465.1	Maudiozyma turicensis	run	Maudiozyma	ok	0	11	15.8	96	33	77	no	yes	77	49.0	CDEIII_Ka_Full_MEME.txt	1E-6	CDEI_ZT_MEME.txt	1E-2	
GCA_030674245.1	Jamesozyma piceae	run	Jamesozyma	ok	0	15	12.7	95	19	40	no	yes	40	49.0	CDEIII_Ka_Full_MEME.txt	1E-6	CDEI_Jamesozyma_MEME.txt	1E-2	
GCA_030674295.1	Arxiozyma heterogenica	run	Arxiozyma	ok	0	16	168.0	97	1256	258	no	yes	258	50.0	CDEIII_Arxiozyma_MEME.txt	1E-6	CDEI_Arxiozyma_MEME.txt	1E-3	
GCA_030705145.1	Hagleromyces aurorensis	run	Hagleromyces	ok	0	6	15.1	95	48	125	no	yes	125	133.0	CDEIII_KLE_MEME.txt	1E-6	CDEI_ZT_MEME.txt	1E-2	
GCA_030705205.1	Huiozyma sinensis	run	Huiozyma	ok	0	13	39.9	98	326	862	no	yes	862	49.0	CDEIII_Knagsin_MEME.txt	1E-5	CDEI_Knagsin_MEME.txt	1E-2	
GCA_040114465.1	Torulaspora sp. 2017 38-3	run	Torulaspora	ok	0	8	21.6	100	145	330	no	yes	330	133.0	CDEIII_Toru_MEME.txt	1E-5	CDEI_Toru_MEME.txt	1E-2	
GCA_040114505.1	Torulaspora sp. 2017 36-1	run	Torulaspora	ok	0	8	22.1	99	164	388	no	yes	388	132.0	CDEIII_Toru_MEME.txt	1E-5	CDEI_Toru_MEME.txt	1E-2	
GCA_041380205.1	Vanderwaltozyma yanomamii	run	Vanderwaltozyma	ok	0	16	72.5	101	653	1117	no	yes	1117	86.0	CDEIII_Vanderwaltozyma_MEME.txt	1E-5	CDEI_Vanderwaltozyma_MEME.txt	1E-2	
GCA_041430495.1	Arxiozyma sp. VP_05	run	Arxiozyma	ok	0	15	155.8	98	1244	276	no	yes	276	50.0	CDEIII_Arxiozyma_MEME.txt	1E-6	CDEI_Arxiozyma_MEME.txt	1E-3	
GCA_900074715.1	Lachancea meyersii	run	Lachancea	ok	0	8	35.0	105	196	538	no	yes	538	94.0	CDEIII_Lachancea_MEME.txt	1E-5	CDEI_Lachancea_MEME.txt	1E-2	
GCA_900074725.1	Lachancea dasiensis	run	Lachancea	ok	0	8	30.8	105	207	550	no	yes	550	93.0	CDEIII_Lachancea_MEME.txt	1E-5	CDEI_Lachancea_MEME.txt	1E-2	
GCA_900074735.1	Lachancea fantastica	run	Lachancea	ok	0	7	36.6	108	234	620	no	yes	620	94.0	CDEIII_Lachancea_MEME.txt	1E-5	CDEI_Lachancea_MEME.txt	1E-2	
GCA_900074745.1	Lachancea mirantina	run	Lachancea	ok	0	8	37.0	104	233	646	no	yes	646	83.0	CDEIII_Lachancea_MEME.txt	1E-5	CDEI_Lachancea_MEME.txt	1E-2	
GCA_900074755.1	Lachancea nothofagi	run	Lachancea	ok	0	8	39.9	108	239	645	no	yes	645	95.0	CDEIII_Lachancea_MEME.txt	1E-5	CDEI_Lachancea_MEME.txt	1E-2	
GCA_900074765.1	Lachancea fermentati	run	Lachancea	ok	0	8	39.3	103	269	708	no	yes	708	163.0	CDEIII_Lachancea_MEME.txt	1E-5	CDEI_Lachancea_MEME.txt	1E-2	
GCA_900162805.1	Zygosaccharomyces bailii	run	Zygosaccharomyces	ok	0	8	27.0	98	35	11	no	yes	11	134.0	CDEIII_ZygoSacch_MEME.txt	1E-6	CDEI_ZygoSacch_MEME.txt	1E-3	
GCA_900180425.1	Maudiozyma saulgeensis	run	Maudiozyma	ok	0	10	16.7	106	25	61	no	yes	61	49.0	CDEIII_Ka_Full_MEME.txt	1E-6	CDEI_ZT_MEME.txt	1E-2	
GCA_900186055.1	Torulaspora microellipsoides	run	Torulaspora	ok	0	8	38.5	101	280	619	no	yes	619	133.0	CDEIII_Toru_MEME.txt	1E-5	CDEI_Toru_MEME.txt	1E-2	
GCA_900290405.1	Saccharomyces jurei	run	Saccharomyces	ok	0	16	18.8	101	54	115	no	yes	115	85.0	CDEIII_Saccharomyces_MEME.txt	1E-6	CDEI_ZT_MEME.txt	1E-2	
GCA_900465325.1	Zygosaccharomyces sapae	run	Zygosaccharomyces	ok	0	19	42.1	102	74	36	no	yes	36	132.0	CDEIII_ZygoSacch_MEME.txt	1E-6	CDEI_ZygoSacch_MEME.txt	1E-3	
GCA_903064755.1	Maudiozyma barnettii	run	Maudiozyma	ok	0	11	15.1	102	29	64	no	yes	64	49.0	CDEIII_Ka_Full_MEME.txt	1E-6	CDEI_ZT_MEME.txt	1E-2	
GCA_931305995.1	Torulaspora indica	run	Torulaspora	ok	0	8	18.9	98	129	289	no	yes	289	135.0	CDEIII_Toru_MEME.txt	1E-5	CDEI_Toru_MEME.txt	1E-2	
GCA_946403475.1	Torulaspora quercuum	run	Torulaspora	ok	0	8	37.5	103	224	481	no	yes	481	135.0	CDEIII_Toru_MEME.txt	1E-5	CDEI_Toru_MEME.txt	1E-2	
GCA_947241705.1	Saccharomyces mikatae	run	Saccharomyces	ok	0	16	19.0	99	49	112	no	yes	112	85.0	CDEIII_Saccharomyces_MEME.txt	1E-6	CDEI_ZT_MEME.txt	1E-2	
GCA_947243775.1	Saccharomyces kudriavzevii	run	Saccharomyces	ok	0	16	19.3	101	44	100	no	yes	100	86.0	CDEIII_Saccharomyces_MEME.txt	1E-6	CDEI_ZT_MEME.txt	1E-2	
GCA_947243795.1	Saccharomyces uvarum	run	Saccharomyces	ok	0	16	24.2	99	51	129	no	yes	129	85.0	CDEIII_Saccharomyces_MEME.txt	1E-6	CDEI_ZT_MEME.txt	1E-2	
GCA_949129085.1	Zygosaccharomyces pseudobailii	run	Zygosaccharomyces	ok	0	15	76.2	102	71	37	no	yes	37	134.0	CDEIII_ZygoSacch_MEME.txt	1E-6	CDEI_ZygoSacch_MEME.txt	1E-3	
GCA_950065675.1	Arxiozyma pintolopesii	run	Arxiozyma	ok	0	15	169.8	104	1249	259	no	yes	259	49.0	CDEIII_Arxiozyma_MEME.txt	1E-6	CDEI_Arxiozyma_MEME.txt	1E-3	
