accession	status	current_accession	assembly_level	bytes_gz	sha256_gz	downloaded_utc
GCA_949122135.1	current	GCA_949122135.1	Scaffold	3917176	78f264b6d331a5c0be788056d972c4bba6993ec4f76cb1c97be1f5f1eca55a65	2026-10-09T09:20:22Z
GCA_949124045.1	current	GCA_949124045.1	Contig	3933389	9bcdfb4882d34d6cbd373f3bc9c6ecd23031aabae87cf8f91dc5b28c796753e2	2026-10-09T09:20:31Z
GCA_949124055.1	current	GCA_949124055.1	Contig	3907639	ad872bbe8aa7a3c7bf283fb7c6605fff962ae34dc5e2a996d6bc4177e538658c	2026-10-09T09:20:41Z
GCA_949124075.1	current	GCA_949124075.1	Contig	3943101	6bb8eea75670d1fefb9ca6e34a94785b18ec9e3499c1a380f715755bfcd521d1	2026-10-09T09:20:48Z
GCA_949124095.1	current	GCA_949124095.1	Contig	3887659	32112b0b29dd06ae811b5642d04e2942900c5ef7c9afe821ccf58e17cb65c61b	2026-10-09T09:20:56Z
GCA_949124105.1	current	GCA_949124105.1	Scaffold	3903745	57f49ded7ae588b4db4dbe9973afd9e5babb9dae6d2d15b4e5ffe5b13a2b81c6	2026-10-09T09:21:03Z
GCA_949124135.1	current	GCA_949124135.1	Contig	3943191	df18e26113ec75b3a652334887b7a3c3050bc63e2dadd2ded76a1b0bac1f7f93	2026-10-09T09:21:15Z
GCA_949124145.1	current	GCA_949124145.1	Scaffold	3818987	b058d35cb6a40105544f31241c846a9b127940f50b4e83e69958fbd46158ef46	2026-10-09T09:21:22Z
GCA_949124165.1	current	GCA_949124165.1	Scaffold	3866547	7a88bbc23fd7c0d7646acf43d47a34ce733ea35d25779fd425c0e733e77a61db	2026-10-09T09:21:31Z
GCA_949124185.1	current	GCA_949124185.1	Scaffold	3874279	c5c37a0c0d65adde7ceb4b813ff97f966d15933fcccd23c9eebf049418695fb0	2026-10-09T09:21:38Z
GCA_949124195.1	current	GCA_949124195.1	Scaffold	3982942	e29745e93cf43791f83ff50a8a0fa9b3c5526dbf5d01da8a2b82beb8d9433b65	2026-10-09T09:21:45Z
GCA_949124205.1	current	GCA_949124205.1	Scaffold	3873139	816ef6bae4d54a85032ee187343a04773765f061a8e5b6958b635d260a24c0b2	2026-10-09T09:21:51Z
GCA_949124215.1	current	GCA_949124215.1	Scaffold	3856665	b60c5faf08f808b434acfc6fccf5371ca87e2f472e60c7394c6fb2009359d1c0	2026-10-09T09:21:57Z
GCA_949124225.1	current	GCA_949124225.1	Scaffold	3933300	0f6ce6ca34fd25752996e3aeb47b3bc3cd3c8239ec567b8b5ee1f1b5f9c4f653	2026-10-09T09:22:05Z
GCA_949124235.1	current	GCA_949124235.1	Contig	3838450	5ed57e0ca5a1aa9f83867a342c10c40dc18b5a1c37f3807cff2aeaec4caa97b7	2026-10-09T09:22:13Z
GCA_949124265.1	current	GCA_949124265.1	Contig	3931588	c91ddfe86d4fefbdba6ec9c9334eaca6b6423e4b06bd31bf2db872230480f455	2026-10-09T09:22:20Z
GCA_949124275.1	current	GCA_949124275.1	Contig	4013386	d5427beb2a933eafa051b4a7c5f6a0c3e4f3971508e4c29ce77701cb5a403022	2026-10-09T09:22:27Z
GCA_949124295.1	current	GCA_949124295.1	Contig	3937169	456da0fdc8e4a095c6c400e0eb0aba985f4a33851b7771952ed0715895b733df	2026-10-09T09:22:34Z
GCA_949124305.1	current	GCA_949124305.1	Contig	3890266	432f04516505c0b55c6497242a0e666a1474d4be5829afb0c365300f72075444	2026-10-09T09:22:40Z
GCA_949124315.1	current	GCA_949124315.1	Contig	3952895	333691acd122dc2a9e92c3816bd5cf6475affe1a449e87ea02bc6d70007eea61	2026-10-09T09:22:47Z
GCA_949124325.1	current	GCA_949124325.1	Contig	3881367	763dade866cb6b84cf50844014fe049d2cbf06c2b4aed1e1cdc4a8ec50e2325e	2026-10-09T09:22:54Z
GCA_949124335.1	current	GCA_949124335.1	Scaffold	3899997	99bc9797456bd38b5fa05a90ecd854a3f898de290726590cd18be8fafaddada5	2026-10-09T09:23:01Z
GCA_949124345.1	current	GCA_949124345.1	Contig	3934408	5b780ce8beb50517bb1b6b75cea45fe54623e525efda0e4ae2cb3ebb3bda83fa	2026-10-09T09:23:08Z
GCA_949124355.1	current	GCA_949124355.1	Contig	3942571	64f0822b7380c192c57fcc6b01b328cf6447e8964c1c3d6580b7232b67eeb2f6	2026-10-09T09:23:16Z
GCA_949124365.1	current	GCA_949124365.1	Contig	3878276	00e6a152364a3149f73f8e4bd887276b90cb786087dc29a212fbd3b91e47d3a5	2026-10-09T09:23:23Z
GCA_949124375.1	current	GCA_949124375.1	Scaffold	3868026	c7d539fb173ae6b964be7c9106ce4a24fd5c07eacad2078785130ca3b5aa3e9b	2026-10-09T09:23:31Z
GCA_949124395.1	current	GCA_949124395.1	Contig	3861105	8d49ec8c8f53c1a998a2ea2b324cb056f9c70d28f384246fc76236bbe2d514d5	2026-10-09T09:23:38Z
GCA_949124405.1	current	GCA_949124405.1	Contig	3868667	8fdcca76d6280558dae61fe1d7ee8d87d933bebfe8b3db733bb31ad9f7a40ddf	2026-10-09T09:23:45Z
GCA_949124415.1	current	GCA_949124415.1	Contig	3832722	557aa0f054904397e1ce2addf3ce32ec4ebb46c28dccdd6ffb853d05b6816d88	2026-10-09T09:23:58Z
GCA_949124435.1	current	GCA_949124435.1	Scaffold	3947388	1beedec471da8a84c685bd2e9284977ba68fd83d871f46ba3bd4a04cc29d74e2	2026-10-09T09:24:10Z
GCA_949124485.1	current	GCA_949124485.1	Contig	3834207	c2c368b49b3c414784c8233ba49f1ec2295c1aed10d476b63c4a5086957eab77	2026-10-09T09:24:20Z
GCA_949124495.1	current	GCA_949124495.1	Scaffold	3973463	3a381ff074ab0f5007e448d6786c51bb989de203f0214a439717df1dec24f1ef	2026-10-09T09:24:29Z
GCA_949124505.1	current	GCA_949124505.1	Scaffold	3952672	ab8cb5ceae29e2232b07d36295eede27454299b0f8bfa4e7ebe62192dd6043ab	2026-10-09T09:24:37Z
GCA_949124525.1	current	GCA_949124525.1	Contig	3876972	dd15e7d97e406e2b8ff169e17c92b4121fcf733c23be29a2d29572de203f21f9	2026-10-09T09:24:45Z
GCA_949124575.1	current	GCA_949124575.1	Scaffold	3925952	64b896ecd7bd1e894a20db94aa8715c6864f1062aeb658c88ebbbca04814d9b3	2026-10-09T09:24:52Z
GCA_949124585.1	current	GCA_949124585.1	Scaffold	3853217	02dd2bbac6d86de56b339fd3397e2433da2c81e1f71dbdca9200d96a5c251702	2026-10-09T09:24:59Z
GCA_949124595.1	current	GCA_949124595.1	Contig	3871370	5ebe85e1e09e4e4d26f22878c77da768a4d5ebf64afb6cfad74a4592e76e3efb	2026-10-09T09:25:06Z
GCA_949124605.1	current	GCA_949124605.1	Contig	3860756	d5d7610ac80517690c905cab2d3b3da84e0114a854162179c81f53870a09c794	2026-10-09T09:25:21Z
GCA_949124625.1	current	GCA_949124625.1	Scaffold	3886317	802074d2068e9eb4b13cfc736b53f1890c4af2ebfaf6d7e34d56906302289cd9	2026-10-09T09:25:29Z
GCA_949124635.1	current	GCA_949124635.1	Scaffold	3868665	8caedcc3514a80ea193a5a12483786045586be9a12bef5bc2cb9ef514e6dede1	2026-10-09T09:25:37Z
GCA_949124645.1	current	GCA_949124645.1	Scaffold	3910966	d6aab892a63e0ee571795b9ed7093a2b8a417f6e84f03baec8782bf927843dff	2026-10-09T09:25:45Z
GCA_949124695.1	current	GCA_949124695.1	Scaffold	3920571	8a53fe24554737688f746e30d5c610b8126f6ce2d9cde76a373cd2b7e05cc044	2026-10-09T09:25:55Z
GCA_949124705.1	current	GCA_949124705.1	Contig	3944170	a2cecf9173703de802c0f0b57a28f878928ef957f15587c8156ea1304dfd0e10	2026-10-09T09:26:02Z
GCA_949124735.1	current	GCA_949124735.1	Contig	3960628	a7655f3d5f06ade5fe306485ac1b8d442fa39ab0a2574909f224c897abe5ab2e	2026-10-09T09:26:12Z
GCA_949124775.1	current	GCA_949124775.1	Scaffold	3881909	f7e1e6d4022883d2f20bab39534fb395b30dbdf85b505888f8b3e22572f94d26	2026-10-09T09:26:21Z
GCA_949124795.1	current	GCA_949124795.1	Scaffold	3861748	3522e00de0fed1a8ffa07a460456f5698c0373ee7c81d6b9a34606bf727c82dc	2026-10-09T09:26:33Z
GCA_949124845.1	current	GCA_949124845.1	Contig	3935675	b7381321d8275fc0dcacca1a2a80e98f0d9fc8aaf0dd18b11372c28f91cec832	2026-10-09T09:26:44Z
GCA_949124855.1	current	GCA_949124855.1	Contig	3927362	fbca4423768b8e5023e1294a516ca89fa667db440da5a00b7fd1b4d2f479ed71	2026-10-09T09:26:50Z
GCA_949124865.1	current	GCA_949124865.1	Contig	3866169	600a53d000f29d3c7c97950e42fce2b4d6ec302d2e1e59136fce4fba84daffdb	2026-10-09T09:27:01Z
GCA_949124915.1	current	GCA_949124915.1	Contig	3898346	d4cbb56fdfdabeddee6cb694b0c354d6a01523ac12ce79bca0008b59b1fb32ce	2026-10-09T09:27:10Z
GCA_949124925.1	current	GCA_949124925.1	Scaffold	3921420	49063753e1524219b2ccc1bd34deae56fbc2921bca445ca941df572cbcb29fdc	2026-10-09T09:27:17Z
GCA_949124945.1	current	GCA_949124945.1	Scaffold	3881963	2270a6d41b9c39b02a9b4baade7e08d2209e8900cb3af39e1baf48fd6a60d837	2026-10-09T09:27:24Z
GCA_949124965.1	current	GCA_949124965.1	Contig	3818560	83637951614b3c2d5b996324ffddd0dc77cd5ec7818d0cbd25c3ca3f10ee3ebd	2026-10-09T09:27:37Z
GCA_949125025.1	current	GCA_949125025.1	Scaffold	3914311	8af4ce5d9a20492e6ff2d8bb57c693bfc5fea3b01e73ac566824003104e23c7c	2026-10-09T09:27:44Z
GCA_949125035.1	current	GCA_949125035.1	Scaffold	3877095	51da48e37687f2ef039c4cb86ef2bb1ff2baf1030e2aaacf3dc85f1e270b2edf	2026-10-09T09:27:52Z
GCA_949125125.1	current	GCA_949125125.1	Contig	3879061	e669801efc686dc5311f933c849f35fb17e11491eb4e0141cb8f161e20d475b6	2026-10-09T09:27:59Z
GCA_949125245.1	current	GCA_949125245.1	Contig	3930485	a123537fd0454612300b2cd78fcc749a1e65a3c32bb1233659d55c91cb3724a7	2026-10-09T09:28:07Z
GCA_949125295.1	current	GCA_949125295.1	Scaffold	3931459	79034cbbdd09cd022aba641c1218c4424dae4886a7da689eb68c102090640d04	2026-10-09T09:28:14Z
GCA_949125335.1	current	GCA_949125335.1	Scaffold	3891761	4d2cb1d7860cd3f3042906289ec86c4dbdf588fced6a91d6ba1d77585345ae6b	2026-10-09T09:28:21Z
GCA_949125345.1	current	GCA_949125345.1	Contig	3900721	ba8504a6c11442ce0504a9a9af7eb00f1f20700f9ef968c6040dec75b0231481	2026-10-09T09:28:27Z
GCA_949125415.1	current	GCA_949125415.1	Contig	3853716	7a698954e8942a9e234d374da737f415e1b9a222517b50361205381e04de9761	2026-10-09T09:28:34Z
GCA_949125475.1	current	GCA_949125475.1	Contig	3859941	4b5408582b30ee9b997590122c529f2a22b1ece2bb6cf488b40cca587b0cb923	2026-10-09T09:28:46Z
GCA_949125565.1	current	GCA_949125565.1	Contig	3944880	ea009b8e347b1e79c6620a3d980fbc404dae0127492372da29082c4b70327867	2026-10-09T09:28:52Z
GCA_949125675.1	current	GCA_949125675.1	Scaffold	3882071	932000c51ce730d6cb17cc79837c54c18d17367a93284ac830bc5f85969546eb	2026-10-09T09:28:59Z
GCA_949125725.1	current	GCA_949125725.1	Contig	3850919	078029c126c51b84022553af082d89704facb34f788b01ee7c311a74e9fbba87	2026-10-09T09:29:11Z
GCA_949125735.1	current	GCA_949125735.1	Scaffold	3869516	dc273737862a5ba76f105b2f1904d4890eacfe873adb1e16807263c90b088beb	2026-10-09T09:29:18Z
GCA_949125785.1	current	GCA_949125785.1	Scaffold	3985128	7b89c9fa7d4f7779c59ca4116e88453790bfe9b40d0a47c464b4c8d148fa32a5	2026-10-09T09:29:25Z
GCA_949125905.1	current	GCA_949125905.1	Scaffold	3967777	2e94284f9a2575760ab1ac73872c6424fb24baa9dcc6fa49f72435eab72a6529	2026-10-09T09:29:32Z
GCA_949126085.1	current	GCA_949126085.1	Scaffold	3979425	cbd2480ccf6c8c302aefab92cc1afb4e116e2527ef309be3877e69c2e30af931	2026-10-09T09:29:45Z
