file	url	bytes	sha256	source_checksum	source_checksum_ok	last_modified	downloaded_utc
data/tables/supp_data2_publisher.xlsx	https://static-content.springer.com/esm/art%3A10.1038%2Fs41586-025-09779-1/MediaObjects/41586_2025_9779_MOESM3_ESM.xlsx	202971	9e792782d576bb03732fc4762b2560017b7280743beae3bae6cd2913708d7a19	none	not published	Fri, 21 Nov 2025 16:19:30 GMT	2026-10-09T04:15:37Z
data/tables/supp_data4_publisher.xlsx	https://static-content.springer.com/esm/art%3A10.1038%2Fs41586-025-09779-1/MediaObjects/41586_2025_9779_MOESM5_ESM.xlsx	489531	1b0250247f8d98aa4c945190af5355a7bf8c64ad1e033f4f537c46e5bd061d8f	none	not published	Fri, 21 Nov 2025 16:19:33 GMT	2026-10-09T04:15:37Z
data/tables/supp_data5_publisher.xlsx	https://static-content.springer.com/esm/art%3A10.1038%2Fs41586-025-09779-1/MediaObjects/41586_2025_9779_MOESM6_ESM.xlsx	13682	54bff9189e4582fe6d131533cf7abcba2f4596219dc3c22a1f778bc4d95ee326	none	not published	Fri, 21 Nov 2025 16:19:31 GMT	2026-10-09T04:15:38Z
data/tables/supp_data6_publisher.xlsx	https://static-content.springer.com/esm/art%3A10.1038%2Fs41586-025-09779-1/MediaObjects/41586_2025_9779_MOESM7_ESM.xlsx	52521	045006b17507bcb2b6c2d9de7a397ad97a3f1a35ebc923f55828f77e8a2d466d	none	not published	Fri, 21 Nov 2025 16:19:32 GMT	2026-10-09T04:15:38Z
data/tables/supp_data2_figshare_28225061v2.xlsx	https://ndownloader.figshare.com/files/51725942	203199	30a8606bdd3f4c3c33620bd6400672775706603005f8e7bd1afb10d5dc083ac9	md5:3c2d50afc29fe45c317d4fc19452a107	yes	not given	2026-10-09T04:15:42Z
data/tables/supp_data5_figshare_28225067v3.xlsx	https://ndownloader.figshare.com/files/56861582	13676	b39d0a584f2b89c52f8605f346f91f3d5d086562ee8871db9c7da1a5030a38bc	md5:d4dc4fc776d69ed9ae53857fa6563dd6	yes	not given	2026-10-09T04:15:46Z
data/tables/supp_data6_figshare_28225076v1.xlsx	https://ndownloader.figshare.com/files/51725960	50633	f20642b86b72d4885c6213a1c946eb7eed45ce308173f22c16481fa8f135d88d	md5:738bfa0a1eb329121a3753803dacb39f	yes	not given	2026-10-09T04:15:49Z
data/tables/figshare_collection_7630151.json	https://api.figshare.com/v2/collections/7630151/articles?page_size=100	8411	9312a644f277ef80c81f2460a99339aaf5b19045e692a46e63215275f8eb305d	none	not published	not given	2026-10-09T04:16:05Z
data/tables/S288C_reference_genome_R64-5-1_20240529.tgz	https://s3-us-west-2.amazonaws.com/sgd-archive.yeastgenome.org/sequence/S288C_reference/genome_releases/S288C_reference_genome_R64-5-1_20240529.tgz	20979823	9a7961d7e95b354dbda344c95097676c4f501d15f02831afc770de96417350a1	none	not published	Fri, 11 Oct 2024 16:30:06 GMT	2026-10-09T04:16:45Z
