model	target_n50	genomes	replicates	realised_n50_median	recall_median	recall_q25	recall_q75	mean_genome_recall	mean_genome_recall_ci_low	mean_genome_recall_ci_high	geometric_expectation_mean	geometric_expectation_ci_low	geometric_expectation_ci_high	synteny_checkable_median	lost_geometric_total	lost_pipeline_total	gained_total	interval	gamma
at_weighted	10000	10	100	9997.5	0.8958333333333333	0.8333333333333334	1.0	0.8653250915750916	0.7968131868131868	0.9241485805860806	0.8653250915750916	0.7968131868131868	0.9241485805860806	0.0	112	0	37	percentile bootstrap over genomes, 10000 resamples, seed 20261009	ln(10)/0.30
at_weighted	20000	10	100	20026.5	1.0	0.8705357142857143	1.0	0.9383928571428571	0.9103565705128206	0.9628571428571429	0.9383928571428571	0.9103565705128206	0.9628571428571429	0.125	54	0	35	percentile bootstrap over genomes, 10000 resamples, seed 20261009	ln(10)/0.30
at_weighted	50000	10	100	50741.0	1.0	1.0	1.0	0.9725984432234431	0.9519047619047619	0.9891346153846154	0.9725984432234431	0.9519047619047619	0.9891346153846154	0.4375	22	0	32	percentile bootstrap over genomes, 10000 resamples, seed 20261009	ln(10)/0.30
at_weighted_g20	10000	10	50	10043.0	0.875	0.7232142857142857	1.0	0.8388095238095238	0.7247767857142858	0.9230128205128205	0.8445238095238095	0.741779304029304	0.9230128205128205	0.0	67	2	17	percentile bootstrap over genomes, 10000 resamples, seed 20261009	ln(20)/0.30
at_weighted_g20	20000	10	50	19981.5	0.9230769230769231	0.8571428571428571	1.0	0.8967994505494505	0.8385693681318682	0.9480494505494506	0.8967994505494505	0.8385693681318682	0.9480494505494506	0.06971153846153846	42	0	18	percentile bootstrap over genomes, 10000 resamples, seed 20261009	ln(20)/0.30
at_weighted_g20	50000	10	50	48776.0	1.0	1.0	1.0	0.9762087912087912	0.9626167582417583	0.9876556776556777	0.9762087912087912	0.9626167582417583	0.9876556776556777	0.4495192307692308	10	0	15	percentile bootstrap over genomes, 10000 resamples, seed 20261009	ln(20)/0.30
at_weighted_g5	10000	10	50	10136.0	1.0	0.875	1.0	0.9302655677655677	0.8991934523809524	0.9594597069597068	0.9302655677655677	0.8991934523809524	0.9594597069597068	0.0	28	0	17	percentile bootstrap over genomes, 10000 resamples, seed 20261009	ln(5)/0.30
at_weighted_g5	20000	10	50	20365.5	1.0	0.9182692307692307	1.0	0.9601968864468866	0.9388782051282052	0.9796611721611722	0.9601968864468866	0.9388782051282052	0.9796611721611722	0.14285714285714285	16	0	18	percentile bootstrap over genomes, 10000 resamples, seed 20261009	ln(5)/0.30
at_weighted_g5	50000	10	50	49288.0	1.0	1.0	1.0	0.9851465201465202	0.9663369963369963	1.0	0.9851465201465202	0.9663369963369963	1.0	0.5	7	0	16	percentile bootstrap over genomes, 10000 resamples, seed 20261009	ln(5)/0.30
