species	accession	published_calls	reproduced_calls	exact	different_cdeii_length	same_locus_other_boundaries	missing	unlocated	extra	authors_false_neg	authors_false_pos	missing_equals_authors_false_neg	extra_equals_authors_false_pos
Kluyveromyces nonfermentans	GCA_003670155.1	8.0	9	8	0	0	0	0	1	0	0	True	False
Kluyveromyces siamensis	GCA_030579315.1	8.0	8	8	0	0	0	0	0	0	0	True	True
Kluyveromyces aestuarii	GCA_003707555.2	8.0	8	0	0	0	0	8	8	0	0	True	False
Kluyveromyces wickerhamii	GCA_030564205.1	7.0	7	7	0	0	0	0	0	0	0	True	True
Kluyveromyces starmeri	GCA_008973615.1	8.0	8	8	0	0	0	0	0	0	0	True	True
Kluyveromyces sp. yHMH660	GCA_030462825.1	8.0	8	8	0	0	0	0	0	0	0	True	True
Kluyveromyces marxianus	GCA_001417885.1	8.0	8	7	1	0	0	0	0	0	0	True	True
Kluyveromyces sp. PCH397	GCA_017427045.1	8.0	8	8	0	0	0	0	0	0	0	True	True
Kluyveromyces dobzhanskii	GCA_003705805.3	7.0	7	7	0	0	0	0	0	0	0	True	True
Kluyveromyces lactis	GCA_000002515.1	6.0	6	6	0	0	0	0	0	0	0	True	True
Eremothecium coryli	GCA_000710315.1	6.0	6	6	0	0	0	0	0	0	0	True	True
Eremothecium sinecaudum	GCA_001548555.1	7.0	7	7	0	0	0	0	0	0	0	True	True
Eremothecium cymbalariae	GCA_000235365.1	8.0	8	8	0	0	0	0	0	0	0	True	True
Ashbya aceri	GCA_000412225.2	7.0	7	7	0	0	0	0	0	0	0	True	True
Eremothecium gossypii	GCA_000091025.4	7.0	7	7	0	0	0	0	0	0	0	True	True
Lachancea kluyveri	GCA_000149225.2	8.0	8	8	0	0	0	0	0	0	0	True	True
Lachancea cidri	GCA_030569995.1	8.0	8	8	0	0	0	0	0	0	0	True	True
Lachancea fermentati	GCA_900074765.1	8.0	8	7	1	0	0	0	0	0	0	True	True
Lachancea mirantina	GCA_900074745.1	8.0	8	8	0	0	0	0	0	0	0	True	True
Lachancea waltii	GCA_000167115.1	8.0	8	7	0	0	1	0	1	1	1	True	True
Lachancea quebecensis	GCA_002900925.1	8.0	8	7	1	0	0	0	0	0	0	True	True
Lachancea thermotolerans	GCA_000142805.1	8.0	8	8	0	0	0	0	0	0	0	True	True
Lachancea nothofagi	GCA_900074755.1	8.0	8	8	0	0	0	0	0	0	0	True	True
Lachancea dasiensis	GCA_900074725.1	8.0	8	8	0	0	0	0	0	0	0	True	True
Lachancea sp. yHQL494	GCA_030562185.1	8.0	8	8	0	0	0	0	0	0	0	True	True
Lachancea meyersii	GCA_900074715.1	8.0	8	8	0	0	0	0	0	0	0	True	True
Lachancea fantastica	GCA_900074735.1	7.0	7	7	0	0	0	0	0	0	0	True	True
Lachancea lanzarotensis	GCA_000938715.1	7.0	7	7	0	0	0	0	0	0	0	True	True
Hagleromyces aurorensis	GCA_030705145.1	6.0	6	6	0	0	0	0	0	0	0	True	True
Zygosaccharomyces gambellarensis	GCA_030571545.1	7.0	7	7	0	0	0	0	0	0	0	True	True
Zygosaccharomyces rouxii	GCA_000026365.1	7.0	7	7	0	0	0	0	0	0	0	True	True
Zygosaccharomyces sapae	GCA_900465325.1	19.0	19	19	0	0	0	0	0	0	0	True	True
Zygosaccharomyces pseudorouxii	GCA_030572675.1	7.0	7	7	0	0	0	0	0	0	0	True	True
Zygosaccharomyces mellis	GCA_005406105.1	7.0	7	7	0	0	0	0	0	0	0	True	True
Zygosaccharomyces siamensis	GCA_013423405.1	7.0	7	7	0	0	0	0	0	0	0	True	True
Zygosaccharomyces kombuchaensis	GCA_003705955.2	8.0	8	8	0	0	0	0	0	0	0	True	True
Zygosaccharomyces lentus	GCA_030568175.1	8.0	8	8	0	0	0	0	0	0	0	True	True
Zygosaccharomyces bisporus	GCA_003707595.2	8.0	8	8	0	0	0	0	0	0	0	True	True
Zygosaccharomyces parabailii	GCA_001984395.2	16.0	14	14	0	0	2	0	0	2	0	True	True
Zygosaccharomyces pseudobailii	GCA_949129085.1	16.0	15	15	0	0	0	1	0	1	0	False	True
Zygosaccharomyces bailii	GCA_900162805.1	8.0	8	8	0	0	0	0	0	0	0	True	True
Zygotorulaspora chibaensis	GCA_030565665.1	8.0	8	8	0	0	0	0	0	0	0	True	True
Zygotorulaspora florentina	GCA_003671575.3	8.0	8	8	0	0	0	0	0	0	0	True	True
Zygotorulaspora sp. yHDO592	GCA_030571275.1	8.0	8	8	0	0	0	0	0	0	0	True	True
Zygotorulaspora danielsina	GCA_030572985.1	8.0	8	8	0	0	0	0	0	0	0	True	True
Zygotorulaspora mrakii	GCA_013402915.1	8.0	9	8	0	0	0	0	1	0	1	True	True
Torulaspora microellipsoides	GCA_900186055.1	8.0	8	8	0	0	0	0	0	0	0	True	True
Torulaspora quercuum	GCA_946403475.1	8.0	8	7	0	0	0	1	1	0	0	True	False
Torulaspora globosa	GCA_014133895.1	8.0	6	6	0	0	2	0	0	2	0	True	True
Torulaspora maleeae	GCA_003708055.3	8.0	7	6	1	0	1	0	0	1	0	True	True
Torulaspora sp. yHMJ407	GCA_030580195.1	8.0	6	5	1	0	2	0	0	2	0	True	True
Torulaspora delbrueckii	GCA_000243375.1	8.0	8	6	2	0	0	0	0	0	0	True	True
Torulaspora sp. 2017 38-3	GCA_040114465.1	8.0	8	7	1	0	0	0	0	0	0	True	True
Torulaspora franciscae	GCA_003705175.3	8.0	7	6	1	0	1	0	0	1	0	True	True
Torulaspora pretoriensis	GCA_012851205.1	8.0	7	7	0	0	1	0	0	1	0	True	True
Torulaspora sp. 2017 36-1	GCA_040114505.1	8.0	8	7	0	0	1	0	1	0	0	False	False
Torulaspora indica	GCA_931305995.1	8.0	8	8	0	0	0	0	0	0	0	True	True
Henningerozyma blattae	GCA_000315915.1	9.0	8	8	0	0	1	0	0	1	0	True	True
Vanderwaltozyma polyspora	GCA_000150035.1	14.0	14	14	0	0	0	0	0	0	0	True	True
Vanderwaltozyma tropicalis	GCA_030555675.1	16.0	18	16	0	0	0	0	2	0	2	True	True
Vanderwaltozyma yanomamii	GCA_041380205.1	16.0	16	16	0	0	0	0	0	0	0	True	True
Vanderwaltozyma verrucispora	GCA_030565105.1	16.0	16	14	0	0	2	0	2	2	1	True	False
Vanderwaltozyma yarrowii	GCA_030568135.1	16.0	18	15	0	0	1	0	3	1	3	True	True
Tetrapisispora iriomotensis	GCA_003705975.2	16.0	16	14	0	0	1	1	2	1	1	True	False
Tetrapisispora phaffii	GCA_000236905.1	16.0	15	15	0	0	1	0	0	1	0	True	True
Tetrapisispora fleetii	GCA_003707605.2	16.0	14	13	0	0	3	0	1	2	0	False	False
Tetrapisispora namnaoensis	GCA_003705985.2	16.0	15	15	0	0	1	0	0	1	0	True	True
Tetrapisispora nanseiensis	GCA_030568035.1	16.0	15	13	0	0	3	0	2	1	1	False	False
Tetrapisispora arboricola	GCA_030557565.1	16.0	18	15	0	0	1	0	3	0	2	False	False
Tetrapisispora pingtungensis	GCA_030573885.1	16.0	17	14	1	0	1	0	2	1	2	True	True
Tetrapisispora taiwanensis	GCA_030573835.1	16.0	11	0	0	0	16	0	11	2	5	False	False
Kazachstania africana	GCA_000304475.1	12.0	12	12	0	0	0	0	0	0	0	True	True
Kazachstania viticola	GCA_030571575.1	16.0	16	16	0	0	0	0	0	0	0	True	True
Jamesozyma lodderae	GCA_030571655.1	13.0	13	13	0	0	0	0	0	0	0	True	True
Jamesozyma jinghongensis	GCA_030572895.1	16.0	16	15	1	0	0	0	0	0	0	True	True
Jamesozyma spencerorum	GCA_003708825.3	16.0	16	15	0	0	1	0	1	0	0	False	False
Jamesozyma piceae	GCA_030674245.1	16.0	15	15	0	0	1	0	0	1	0	True	True
Jamesozyma rosinii	GCA_003708425.3	15.0	14	14	0	0	1	0	0	1	0	True	True
Jamesozyma gamospora	GCA_030462905.1	16.0	16	16	0	0	0	0	0	0	0	True	True
Jamesozyma hellenica	GCA_030571615.1	16.0	16	16	0	0	0	0	0	0	0	True	True
Kazachstania psychrophila	GCA_030579255.1	15.0	15	14	1	0	0	0	0	0	0	True	True
Kazachstania kunashirensis	GCA_003708465.2	11.0	11	10	0	0	1	0	1	0	0	False	False
Maudiozyma humilis	GCA_020313495.2	12.0	12	12	0	0	0	0	0	0	0	True	True
Maudiozyma pseudohumilis	GCA_030579215.1	11.0	9	9	0	0	2	0	0	2	0	True	True
Maudiozyma exigua	GCA_016584175.1	11.0	11	11	0	0	0	0	0	0	0	True	True
Maudiozyma turicensis	GCA_030583465.1	11.0	11	11	0	0	0	0	0	0	0	True	True
Maudiozyma barnettii	GCA_903064755.1	11.0	11	11	0	0	0	0	0	0	0	True	True
Maudiozyma saulgeensis	GCA_900180425.1	11.0	10	10	0	0	1	0	0	1	0	True	True
Maudiozyma serrabonitensis	GCA_030571355.1	11.0	11	11	0	0	0	0	0	0	0	True	True
Kazachstania martiniae	GCA_003708925.3	12.0	11	11	0	0	1	0	0	1	0	True	True
Sungouiozyma ichnusensis	GCA_030580495.1	8.0	8	8	0	0	0	0	0	0	0	True	True
Sungouiozyma intestinalis	GCA_003708845.3	8.0	8	8	0	0	0	0	0	0	0	True	True
Kazachstania bromeliacearum	GCA_003708535.3	10.0	10	9	0	0	1	0	1	0	0	False	False
Huiozyma naganishii	GCA_000348985.1	13.0	13	13	0	0	0	0	0	0	0	True	True
Huiozyma sinensis	GCA_030705205.1	13.0	13	11	0	0	2	0	2	0	0	False	False
Kazachstania taianensis	GCA_003708865.2	16.0	16	16	0	0	0	0	0	0	0	True	True
Grigorovia yakushimaensis	GCA_003709265.2	16.0	15	15	0	0	1	0	0	1	0	True	True
Grigorovia transvaalensis	GCA_003708445.3	16.0	16	16	0	0	0	0	0	0	0	True	True
Grigorovia humatica	GCA_030462875.1	15.0	12	11	1	0	3	0	0	4	1	False	False
Arxiozyma bovina	GCA_030580575.1	13.0	20	10	0	0	3	0	10	2	5	False	False
Arxiozyma telluris	GCA_030571675.1	15.0	19	11	0	0	4	0	8	3	7	False	False
Arxiozyma heterogenica	GCA_030674295.1	15.0	16	12	1	0	1	1	3	1	1	True	False
Arxiozyma pintolopesii	GCA_950065675.1	15.0	15	15	0	0	0	0	0	0	0	True	True
Arxiozyma sp. Y4206	GCA_023629195.1	15.0	16	14	1	0	0	0	1	0	1	True	True
Arxiozyma sp. VP_05	GCA_041430495.1	15.0	15	15	0	0	0	0	0	0	0	True	True
Monosporozyma aquatica	GCA_030571515.1	15.0	26	11	4	0	0	0	11	1	12	False	False
Monosporozyma siamensis	GCA_003708905.3	12.0	16	10	1	0	1	0	5	2	6	False	False
Monosporozyma unispora	GCA_003708525.3	14.0	14	12	0	0	2	0	2	2	2	True	True
Monosporozyma yasuniensis	GCA_030558655.1	14.0	22	12	1	0	1	0	9	1	7	True	False
Monosporozyma servazzii	GCA_028408395.1	12.0	11	10	1	0	1	0	0	1	0	True	True
Monosporozyma aerobia	GCA_028408415.1	13.0	13	11	1	0	1	0	1	1	1	True	True
Monosporozyma solicola	GCA_030571535.1	11.0	15	11	0	0	0	0	4	0	4	True	True
Cylindricascospora bacillispora	GCA_030573655.1	15.0	15	14	0	0	1	0	1	0	0	False	False
Oligophagozyma castellii	GCA_030556345.1	8.0	9	8	0	0	0	0	1	0	1	True	True
Nakaseomyces glabratus	GCA_000002545.2	13.0	13	13	0	0	0	0	0	0	0	True	True
Nakaseomyces uthaithaninus	GCA_030564085.1	13.0	13	13	0	0	0	0	0	0	0	True	True
Nakaseomyces bracarensis	GCA_030569875.1	13.0	13	13	0	0	0	0	0	0	0	True	True
Nakaseomyces delphensis	GCA_001039675.1	10.0	10	10	0	0	0	0	0	0	0	True	True
Nakaseomyces sp. yHDO568	GCA_030571395.1	13.0	15	12	1	0	0	0	2	0	2	True	True
Nakaseomyces kungkrabaensis	GCA_030556385.1	13.0	13	13	0	0	0	0	0	0	0	True	True
Nakaseomyces nivariensis	GCA_017309295.1	13.0	13	13	0	0	0	0	0	0	0	True	True
Saccharomyces eubayanus	GCA_001298625.1	16.0	16	15	0	0	0	1	1	0	0	True	False
Saccharomyces uvarum	GCA_947243795.1	16.0	16	16	0	0	0	0	0	0	0	True	True
Saccharomyces arboricola	GCA_000292725.1	16.0	16	16	0	0	0	0	0	0	0	True	True
Saccharomyces kudriavzevii	GCA_947243775.1	16.0	16	16	0	0	0	0	0	0	0	True	True
Saccharomyces mikatae	GCA_947241705.1	16.0	16	16	0	0	0	0	0	0	0	True	True
Saccharomyces jurei	GCA_900290405.1	16.0	16	16	0	0	0	0	0	0	0	True	True
Saccharomyces paradoxus	GCA_002079055.1	16.0	16	16	0	0	0	0	0	0	0	True	True
Saccharomyces cerevisiae	GCA_000146045.2	16.0	16	16	0	0	0	0	0	0	0	True	True
