accession	formula	published_calls	published_calls_standing	calls_standing	formula_description
GCA_000002515.1	pcan_v1	6	6	6	as PCAn v1.0 computes it (shifted stretch, count over length plus one)
GCA_000002515.1	cdeii_count_over_length	6	6	6	every base between CDEI and CDEIII, count over length (the published column)
GCA_000002515.1	cdeii_count_over_length_plus_one	6	6	6	every base between CDEI and CDEIII, count over length plus one
GCA_000002545.2	pcan_v1	13	13	13	as PCAn v1.0 computes it (shifted stretch, count over length plus one)
GCA_000002545.2	cdeii_count_over_length	13	13	13	every base between CDEI and CDEIII, count over length (the published column)
GCA_000002545.2	cdeii_count_over_length_plus_one	13	13	13	every base between CDEI and CDEIII, count over length plus one
GCA_000026365.1	pcan_v1	7	7	7	as PCAn v1.0 computes it (shifted stretch, count over length plus one)
GCA_000026365.1	cdeii_count_over_length	7	7	7	every base between CDEI and CDEIII, count over length (the published column)
GCA_000026365.1	cdeii_count_over_length_plus_one	7	7	7	every base between CDEI and CDEIII, count over length plus one
GCA_000091025.4	pcan_v1	7	7	7	as PCAn v1.0 computes it (shifted stretch, count over length plus one)
GCA_000091025.4	cdeii_count_over_length	7	7	7	every base between CDEI and CDEIII, count over length (the published column)
GCA_000091025.4	cdeii_count_over_length_plus_one	7	7	7	every base between CDEI and CDEIII, count over length plus one
GCA_000142805.1	pcan_v1	8	8	8	as PCAn v1.0 computes it (shifted stretch, count over length plus one)
GCA_000142805.1	cdeii_count_over_length	8	8	8	every base between CDEI and CDEIII, count over length (the published column)
GCA_000142805.1	cdeii_count_over_length_plus_one	8	8	8	every base between CDEI and CDEIII, count over length plus one
GCA_000146045.2	pcan_v1	16	16	16	as PCAn v1.0 computes it (shifted stretch, count over length plus one)
GCA_000146045.2	cdeii_count_over_length	16	16	16	every base between CDEI and CDEIII, count over length (the published column)
GCA_000146045.2	cdeii_count_over_length_plus_one	16	16	16	every base between CDEI and CDEIII, count over length plus one
GCA_000149225.2	pcan_v1	8	8	8	as PCAn v1.0 computes it (shifted stretch, count over length plus one)
GCA_000149225.2	cdeii_count_over_length	8	0	5	every base between CDEI and CDEIII, count over length (the published column)
GCA_000149225.2	cdeii_count_over_length_plus_one	8	8	8	every base between CDEI and CDEIII, count over length plus one
GCA_000150035.1	pcan_v1	14	14	14	as PCAn v1.0 computes it (shifted stretch, count over length plus one)
GCA_000150035.1	cdeii_count_over_length	14	0	9	every base between CDEI and CDEIII, count over length (the published column)
GCA_000150035.1	cdeii_count_over_length_plus_one	14	14	14	every base between CDEI and CDEIII, count over length plus one
GCA_000167115.1	pcan_v1	8	7	8	as PCAn v1.0 computes it (shifted stretch, count over length plus one)
GCA_000167115.1	cdeii_count_over_length	8	0	7	every base between CDEI and CDEIII, count over length (the published column)
GCA_000167115.1	cdeii_count_over_length_plus_one	8	7	8	every base between CDEI and CDEIII, count over length plus one
GCA_000235365.1	pcan_v1	8	8	8	as PCAn v1.0 computes it (shifted stretch, count over length plus one)
GCA_000235365.1	cdeii_count_over_length	8	8	8	every base between CDEI and CDEIII, count over length (the published column)
GCA_000235365.1	cdeii_count_over_length_plus_one	8	8	8	every base between CDEI and CDEIII, count over length plus one
GCA_000236905.1	pcan_v1	16	15	15	as PCAn v1.0 computes it (shifted stretch, count over length plus one)
GCA_000236905.1	cdeii_count_over_length	16	0	11	every base between CDEI and CDEIII, count over length (the published column)
GCA_000236905.1	cdeii_count_over_length_plus_one	16	15	15	every base between CDEI and CDEIII, count over length plus one
GCA_000243375.1	pcan_v1	8	6	8	as PCAn v1.0 computes it (shifted stretch, count over length plus one)
GCA_000243375.1	cdeii_count_over_length	8	6	8	every base between CDEI and CDEIII, count over length (the published column)
GCA_000243375.1	cdeii_count_over_length_plus_one	8	6	8	every base between CDEI and CDEIII, count over length plus one
GCA_000292725.1	pcan_v1	16	16	16	as PCAn v1.0 computes it (shifted stretch, count over length plus one)
GCA_000292725.1	cdeii_count_over_length	16	16	16	every base between CDEI and CDEIII, count over length (the published column)
GCA_000292725.1	cdeii_count_over_length_plus_one	16	16	16	every base between CDEI and CDEIII, count over length plus one
GCA_000304475.1	pcan_v1	12	12	12	as PCAn v1.0 computes it (shifted stretch, count over length plus one)
GCA_000304475.1	cdeii_count_over_length	12	12	12	every base between CDEI and CDEIII, count over length (the published column)
GCA_000304475.1	cdeii_count_over_length_plus_one	12	12	12	every base between CDEI and CDEIII, count over length plus one
GCA_000315915.1	pcan_v1	9	8	8	as PCAn v1.0 computes it (shifted stretch, count over length plus one)
GCA_000315915.1	cdeii_count_over_length	9	0	3	every base between CDEI and CDEIII, count over length (the published column)
GCA_000315915.1	cdeii_count_over_length_plus_one	9	8	8	every base between CDEI and CDEIII, count over length plus one
GCA_000348985.1	pcan_v1	13	13	13	as PCAn v1.0 computes it (shifted stretch, count over length plus one)
GCA_000348985.1	cdeii_count_over_length	13	13	13	every base between CDEI and CDEIII, count over length (the published column)
GCA_000348985.1	cdeii_count_over_length_plus_one	13	13	13	every base between CDEI and CDEIII, count over length plus one
GCA_000412225.2	pcan_v1	7	7	7	as PCAn v1.0 computes it (shifted stretch, count over length plus one)
GCA_000412225.2	cdeii_count_over_length	7	7	7	every base between CDEI and CDEIII, count over length (the published column)
GCA_000412225.2	cdeii_count_over_length_plus_one	7	7	7	every base between CDEI and CDEIII, count over length plus one
GCA_000710315.1	pcan_v1	6	6	6	as PCAn v1.0 computes it (shifted stretch, count over length plus one)
GCA_000710315.1	cdeii_count_over_length	6	6	6	every base between CDEI and CDEIII, count over length (the published column)
GCA_000710315.1	cdeii_count_over_length_plus_one	6	6	6	every base between CDEI and CDEIII, count over length plus one
GCA_000938715.1	pcan_v1	7	7	7	as PCAn v1.0 computes it (shifted stretch, count over length plus one)
GCA_000938715.1	cdeii_count_over_length	7	0	4	every base between CDEI and CDEIII, count over length (the published column)
GCA_000938715.1	cdeii_count_over_length_plus_one	7	7	7	every base between CDEI and CDEIII, count over length plus one
GCA_001039675.1	pcan_v1	10	10	10	as PCAn v1.0 computes it (shifted stretch, count over length plus one)
GCA_001039675.1	cdeii_count_over_length	10	10	10	every base between CDEI and CDEIII, count over length (the published column)
GCA_001039675.1	cdeii_count_over_length_plus_one	10	10	10	every base between CDEI and CDEIII, count over length plus one
GCA_001298625.1	pcan_v1	16	15	16	as PCAn v1.0 computes it (shifted stretch, count over length plus one)
GCA_001298625.1	cdeii_count_over_length	16	15	16	every base between CDEI and CDEIII, count over length (the published column)
GCA_001298625.1	cdeii_count_over_length_plus_one	16	15	16	every base between CDEI and CDEIII, count over length plus one
GCA_001417885.1	pcan_v1	8	7	8	as PCAn v1.0 computes it (shifted stretch, count over length plus one)
GCA_001417885.1	cdeii_count_over_length	8	7	8	every base between CDEI and CDEIII, count over length (the published column)
GCA_001417885.1	cdeii_count_over_length_plus_one	8	7	8	every base between CDEI and CDEIII, count over length plus one
GCA_001548555.1	pcan_v1	7	7	7	as PCAn v1.0 computes it (shifted stretch, count over length plus one)
GCA_001548555.1	cdeii_count_over_length	7	7	7	every base between CDEI and CDEIII, count over length (the published column)
GCA_001548555.1	cdeii_count_over_length_plus_one	7	7	7	every base between CDEI and CDEIII, count over length plus one
GCA_001984395.2	pcan_v1	16	14	14	as PCAn v1.0 computes it (shifted stretch, count over length plus one)
GCA_001984395.2	cdeii_count_over_length	16	14	14	every base between CDEI and CDEIII, count over length (the published column)
GCA_001984395.2	cdeii_count_over_length_plus_one	16	14	14	every base between CDEI and CDEIII, count over length plus one
GCA_002079055.1	pcan_v1	16	16	16	as PCAn v1.0 computes it (shifted stretch, count over length plus one)
GCA_002079055.1	cdeii_count_over_length	16	16	16	every base between CDEI and CDEIII, count over length (the published column)
GCA_002079055.1	cdeii_count_over_length_plus_one	16	16	16	every base between CDEI and CDEIII, count over length plus one
GCA_002900925.1	pcan_v1	8	7	8	as PCAn v1.0 computes it (shifted stretch, count over length plus one)
GCA_002900925.1	cdeii_count_over_length	8	0	7	every base between CDEI and CDEIII, count over length (the published column)
GCA_002900925.1	cdeii_count_over_length_plus_one	8	7	8	every base between CDEI and CDEIII, count over length plus one
GCA_003670155.1	pcan_v1	8	8	9	as PCAn v1.0 computes it (shifted stretch, count over length plus one)
GCA_003670155.1	cdeii_count_over_length	8	8	9	every base between CDEI and CDEIII, count over length (the published column)
GCA_003670155.1	cdeii_count_over_length_plus_one	8	8	9	every base between CDEI and CDEIII, count over length plus one
GCA_003671575.3	pcan_v1	8	8	8	as PCAn v1.0 computes it (shifted stretch, count over length plus one)
GCA_003671575.3	cdeii_count_over_length	8	8	8	every base between CDEI and CDEIII, count over length (the published column)
GCA_003671575.3	cdeii_count_over_length_plus_one	8	8	8	every base between CDEI and CDEIII, count over length plus one
GCA_003705175.3	pcan_v1	8	6	7	as PCAn v1.0 computes it (shifted stretch, count over length plus one)
GCA_003705175.3	cdeii_count_over_length	8	6	7	every base between CDEI and CDEIII, count over length (the published column)
GCA_003705175.3	cdeii_count_over_length_plus_one	8	5	6	every base between CDEI and CDEIII, count over length plus one
GCA_003705805.3	pcan_v1	7	7	7	as PCAn v1.0 computes it (shifted stretch, count over length plus one)
GCA_003705805.3	cdeii_count_over_length	7	7	7	every base between CDEI and CDEIII, count over length (the published column)
GCA_003705805.3	cdeii_count_over_length_plus_one	7	7	7	every base between CDEI and CDEIII, count over length plus one
GCA_003705955.2	pcan_v1	8	8	8	as PCAn v1.0 computes it (shifted stretch, count over length plus one)
GCA_003705955.2	cdeii_count_over_length	8	8	8	every base between CDEI and CDEIII, count over length (the published column)
GCA_003705955.2	cdeii_count_over_length_plus_one	8	8	8	every base between CDEI and CDEIII, count over length plus one
GCA_003705975.2	pcan_v1	16	14	16	as PCAn v1.0 computes it (shifted stretch, count over length plus one)
GCA_003705975.2	cdeii_count_over_length	16	0	14	every base between CDEI and CDEIII, count over length (the published column)
GCA_003705975.2	cdeii_count_over_length_plus_one	16	14	16	every base between CDEI and CDEIII, count over length plus one
GCA_003705985.2	pcan_v1	16	15	15	as PCAn v1.0 computes it (shifted stretch, count over length plus one)
GCA_003705985.2	cdeii_count_over_length	16	0	16	every base between CDEI and CDEIII, count over length (the published column)
GCA_003705985.2	cdeii_count_over_length_plus_one	16	15	15	every base between CDEI and CDEIII, count over length plus one
GCA_003707555.2	pcan_v1	8	0	8	as PCAn v1.0 computes it (shifted stretch, count over length plus one)
GCA_003707555.2	cdeii_count_over_length	8	0	8	every base between CDEI and CDEIII, count over length (the published column)
GCA_003707555.2	cdeii_count_over_length_plus_one	8	0	8	every base between CDEI and CDEIII, count over length plus one
GCA_003707595.2	pcan_v1	8	8	8	as PCAn v1.0 computes it (shifted stretch, count over length plus one)
GCA_003707595.2	cdeii_count_over_length	8	8	8	every base between CDEI and CDEIII, count over length (the published column)
GCA_003707595.2	cdeii_count_over_length_plus_one	8	8	8	every base between CDEI and CDEIII, count over length plus one
GCA_003707605.2	pcan_v1	16	13	14	as PCAn v1.0 computes it (shifted stretch, count over length plus one)
GCA_003707605.2	cdeii_count_over_length	16	0	12	every base between CDEI and CDEIII, count over length (the published column)
GCA_003707605.2	cdeii_count_over_length_plus_one	16	13	14	every base between CDEI and CDEIII, count over length plus one
GCA_003708055.3	pcan_v1	8	6	7	as PCAn v1.0 computes it (shifted stretch, count over length plus one)
GCA_003708055.3	cdeii_count_over_length	8	0	6	every base between CDEI and CDEIII, count over length (the published column)
GCA_003708055.3	cdeii_count_over_length_plus_one	8	6	7	every base between CDEI and CDEIII, count over length plus one
GCA_003708425.3	pcan_v1	15	14	14	as PCAn v1.0 computes it (shifted stretch, count over length plus one)
GCA_003708425.3	cdeii_count_over_length	15	14	14	every base between CDEI and CDEIII, count over length (the published column)
GCA_003708425.3	cdeii_count_over_length_plus_one	15	14	14	every base between CDEI and CDEIII, count over length plus one
GCA_003708445.3	pcan_v1	16	16	16	as PCAn v1.0 computes it (shifted stretch, count over length plus one)
GCA_003708445.3	cdeii_count_over_length	16	0	9	every base between CDEI and CDEIII, count over length (the published column)
GCA_003708445.3	cdeii_count_over_length_plus_one	16	16	16	every base between CDEI and CDEIII, count over length plus one
GCA_003708465.2	pcan_v1	11	10	11	as PCAn v1.0 computes it (shifted stretch, count over length plus one)
GCA_003708465.2	cdeii_count_over_length	11	10	11	every base between CDEI and CDEIII, count over length (the published column)
GCA_003708465.2	cdeii_count_over_length_plus_one	11	10	11	every base between CDEI and CDEIII, count over length plus one
GCA_003708525.3	pcan_v1	14	12	14	as PCAn v1.0 computes it (shifted stretch, count over length plus one)
GCA_003708525.3	cdeii_count_over_length	14	0	13	every base between CDEI and CDEIII, count over length (the published column)
GCA_003708525.3	cdeii_count_over_length_plus_one	14	12	13	every base between CDEI and CDEIII, count over length plus one
GCA_003708535.3	pcan_v1	10	9	10	as PCAn v1.0 computes it (shifted stretch, count over length plus one)
GCA_003708535.3	cdeii_count_over_length	10	9	10	every base between CDEI and CDEIII, count over length (the published column)
GCA_003708535.3	cdeii_count_over_length_plus_one	10	9	10	every base between CDEI and CDEIII, count over length plus one
GCA_003708825.3	pcan_v1	16	15	16	as PCAn v1.0 computes it (shifted stretch, count over length plus one)
GCA_003708825.3	cdeii_count_over_length	16	15	16	every base between CDEI and CDEIII, count over length (the published column)
GCA_003708825.3	cdeii_count_over_length_plus_one	16	15	16	every base between CDEI and CDEIII, count over length plus one
GCA_003708845.3	pcan_v1	8	8	8	as PCAn v1.0 computes it (shifted stretch, count over length plus one)
GCA_003708845.3	cdeii_count_over_length	8	8	8	every base between CDEI and CDEIII, count over length (the published column)
GCA_003708845.3	cdeii_count_over_length_plus_one	8	8	8	every base between CDEI and CDEIII, count over length plus one
GCA_003708865.2	pcan_v1	16	16	16	as PCAn v1.0 computes it (shifted stretch, count over length plus one)
GCA_003708865.2	cdeii_count_over_length	16	16	16	every base between CDEI and CDEIII, count over length (the published column)
GCA_003708865.2	cdeii_count_over_length_plus_one	16	16	16	every base between CDEI and CDEIII, count over length plus one
GCA_003708905.3	pcan_v1	12	10	16	as PCAn v1.0 computes it (shifted stretch, count over length plus one)
GCA_003708905.3	cdeii_count_over_length	12	0	9	every base between CDEI and CDEIII, count over length (the published column)
GCA_003708905.3	cdeii_count_over_length_plus_one	12	10	16	every base between CDEI and CDEIII, count over length plus one
GCA_003708925.3	pcan_v1	12	11	11	as PCAn v1.0 computes it (shifted stretch, count over length plus one)
GCA_003708925.3	cdeii_count_over_length	12	11	11	every base between CDEI and CDEIII, count over length (the published column)
GCA_003708925.3	cdeii_count_over_length_plus_one	12	11	11	every base between CDEI and CDEIII, count over length plus one
GCA_003709265.2	pcan_v1	16	15	15	as PCAn v1.0 computes it (shifted stretch, count over length plus one)
GCA_003709265.2	cdeii_count_over_length	16	0	8	every base between CDEI and CDEIII, count over length (the published column)
GCA_003709265.2	cdeii_count_over_length_plus_one	16	15	15	every base between CDEI and CDEIII, count over length plus one
GCA_005406105.1	pcan_v1	7	7	7	as PCAn v1.0 computes it (shifted stretch, count over length plus one)
GCA_005406105.1	cdeii_count_over_length	7	7	7	every base between CDEI and CDEIII, count over length (the published column)
GCA_005406105.1	cdeii_count_over_length_plus_one	7	7	7	every base between CDEI and CDEIII, count over length plus one
GCA_008973615.1	pcan_v1	8	8	8	as PCAn v1.0 computes it (shifted stretch, count over length plus one)
GCA_008973615.1	cdeii_count_over_length	8	8	8	every base between CDEI and CDEIII, count over length (the published column)
GCA_008973615.1	cdeii_count_over_length_plus_one	8	8	8	every base between CDEI and CDEIII, count over length plus one
GCA_012851205.1	pcan_v1	8	7	7	as PCAn v1.0 computes it (shifted stretch, count over length plus one)
GCA_012851205.1	cdeii_count_over_length	8	0	4	every base between CDEI and CDEIII, count over length (the published column)
GCA_012851205.1	cdeii_count_over_length_plus_one	8	7	7	every base between CDEI and CDEIII, count over length plus one
GCA_013402915.1	pcan_v1	8	8	9	as PCAn v1.0 computes it (shifted stretch, count over length plus one)
GCA_013402915.1	cdeii_count_over_length	8	0	4	every base between CDEI and CDEIII, count over length (the published column)
GCA_013402915.1	cdeii_count_over_length_plus_one	8	8	9	every base between CDEI and CDEIII, count over length plus one
GCA_013423405.1	pcan_v1	7	7	7	as PCAn v1.0 computes it (shifted stretch, count over length plus one)
GCA_013423405.1	cdeii_count_over_length	7	7	7	every base between CDEI and CDEIII, count over length (the published column)
GCA_013423405.1	cdeii_count_over_length_plus_one	7	7	7	every base between CDEI and CDEIII, count over length plus one
GCA_014133895.1	pcan_v1	8	6	6	as PCAn v1.0 computes it (shifted stretch, count over length plus one)
GCA_014133895.1	cdeii_count_over_length	8	6	6	every base between CDEI and CDEIII, count over length (the published column)
GCA_014133895.1	cdeii_count_over_length_plus_one	8	6	6	every base between CDEI and CDEIII, count over length plus one
GCA_016584175.1	pcan_v1	11	11	11	as PCAn v1.0 computes it (shifted stretch, count over length plus one)
GCA_016584175.1	cdeii_count_over_length	11	11	11	every base between CDEI and CDEIII, count over length (the published column)
GCA_016584175.1	cdeii_count_over_length_plus_one	11	11	11	every base between CDEI and CDEIII, count over length plus one
GCA_017309295.1	pcan_v1	13	13	13	as PCAn v1.0 computes it (shifted stretch, count over length plus one)
GCA_017309295.1	cdeii_count_over_length	13	13	13	every base between CDEI and CDEIII, count over length (the published column)
GCA_017309295.1	cdeii_count_over_length_plus_one	13	13	13	every base between CDEI and CDEIII, count over length plus one
GCA_017427045.1	pcan_v1	8	8	8	as PCAn v1.0 computes it (shifted stretch, count over length plus one)
GCA_017427045.1	cdeii_count_over_length	8	8	8	every base between CDEI and CDEIII, count over length (the published column)
GCA_017427045.1	cdeii_count_over_length_plus_one	8	8	8	every base between CDEI and CDEIII, count over length plus one
GCA_020313495.2	pcan_v1	12	12	12	as PCAn v1.0 computes it (shifted stretch, count over length plus one)
GCA_020313495.2	cdeii_count_over_length	12	12	12	every base between CDEI and CDEIII, count over length (the published column)
GCA_020313495.2	cdeii_count_over_length_plus_one	12	12	12	every base between CDEI and CDEIII, count over length plus one
GCA_023629195.1	pcan_v1	15	14	16	as PCAn v1.0 computes it (shifted stretch, count over length plus one)
GCA_023629195.1	cdeii_count_over_length	15	13	17	every base between CDEI and CDEIII, count over length (the published column)
GCA_023629195.1	cdeii_count_over_length_plus_one	15	14	16	every base between CDEI and CDEIII, count over length plus one
GCA_028408395.1	pcan_v1	12	10	11	as PCAn v1.0 computes it (shifted stretch, count over length plus one)
GCA_028408395.1	cdeii_count_over_length	12	0	7	every base between CDEI and CDEIII, count over length (the published column)
GCA_028408395.1	cdeii_count_over_length_plus_one	12	10	12	every base between CDEI and CDEIII, count over length plus one
GCA_028408415.1	pcan_v1	13	11	13	as PCAn v1.0 computes it (shifted stretch, count over length plus one)
GCA_028408415.1	cdeii_count_over_length	13	0	6	every base between CDEI and CDEIII, count over length (the published column)
GCA_028408415.1	cdeii_count_over_length_plus_one	13	11	13	every base between CDEI and CDEIII, count over length plus one
GCA_030462825.1	pcan_v1	8	8	8	as PCAn v1.0 computes it (shifted stretch, count over length plus one)
GCA_030462825.1	cdeii_count_over_length	8	8	8	every base between CDEI and CDEIII, count over length (the published column)
GCA_030462825.1	cdeii_count_over_length_plus_one	8	8	8	every base between CDEI and CDEIII, count over length plus one
GCA_030462875.1	pcan_v1	15	11	12	as PCAn v1.0 computes it (shifted stretch, count over length plus one)
GCA_030462875.1	cdeii_count_over_length	15	0	10	every base between CDEI and CDEIII, count over length (the published column)
GCA_030462875.1	cdeii_count_over_length_plus_one	15	11	12	every base between CDEI and CDEIII, count over length plus one
GCA_030462905.1	pcan_v1	16	16	16	as PCAn v1.0 computes it (shifted stretch, count over length plus one)
GCA_030462905.1	cdeii_count_over_length	16	16	16	every base between CDEI and CDEIII, count over length (the published column)
GCA_030462905.1	cdeii_count_over_length_plus_one	16	16	16	every base between CDEI and CDEIII, count over length plus one
GCA_030555675.1	pcan_v1	16	16	18	as PCAn v1.0 computes it (shifted stretch, count over length plus one)
GCA_030555675.1	cdeii_count_over_length	16	16	18	every base between CDEI and CDEIII, count over length (the published column)
GCA_030555675.1	cdeii_count_over_length_plus_one	16	16	18	every base between CDEI and CDEIII, count over length plus one
GCA_030556345.1	pcan_v1	8	8	9	as PCAn v1.0 computes it (shifted stretch, count over length plus one)
GCA_030556345.1	cdeii_count_over_length	8	0	5	every base between CDEI and CDEIII, count over length (the published column)
GCA_030556345.1	cdeii_count_over_length_plus_one	8	8	9	every base between CDEI and CDEIII, count over length plus one
GCA_030556385.1	pcan_v1	13	13	13	as PCAn v1.0 computes it (shifted stretch, count over length plus one)
GCA_030556385.1	cdeii_count_over_length	13	13	13	every base between CDEI and CDEIII, count over length (the published column)
GCA_030556385.1	cdeii_count_over_length_plus_one	13	13	13	every base between CDEI and CDEIII, count over length plus one
GCA_030557565.1	pcan_v1	16	15	18	as PCAn v1.0 computes it (shifted stretch, count over length plus one)
GCA_030557565.1	cdeii_count_over_length	16	0	27	every base between CDEI and CDEIII, count over length (the published column)
GCA_030557565.1	cdeii_count_over_length_plus_one	16	15	18	every base between CDEI and CDEIII, count over length plus one
GCA_030558655.1	pcan_v1	14	12	22	as PCAn v1.0 computes it (shifted stretch, count over length plus one)
GCA_030558655.1	cdeii_count_over_length	14	0	15	every base between CDEI and CDEIII, count over length (the published column)
GCA_030558655.1	cdeii_count_over_length_plus_one	14	12	22	every base between CDEI and CDEIII, count over length plus one
GCA_030562185.1	pcan_v1	8	8	8	as PCAn v1.0 computes it (shifted stretch, count over length plus one)
GCA_030562185.1	cdeii_count_over_length	8	8	8	every base between CDEI and CDEIII, count over length (the published column)
GCA_030562185.1	cdeii_count_over_length_plus_one	8	8	8	every base between CDEI and CDEIII, count over length plus one
GCA_030564085.1	pcan_v1	13	13	13	as PCAn v1.0 computes it (shifted stretch, count over length plus one)
GCA_030564085.1	cdeii_count_over_length	13	13	13	every base between CDEI and CDEIII, count over length (the published column)
GCA_030564085.1	cdeii_count_over_length_plus_one	13	13	13	every base between CDEI and CDEIII, count over length plus one
GCA_030564205.1	pcan_v1	7	7	7	as PCAn v1.0 computes it (shifted stretch, count over length plus one)
GCA_030564205.1	cdeii_count_over_length	7	7	7	every base between CDEI and CDEIII, count over length (the published column)
GCA_030564205.1	cdeii_count_over_length_plus_one	7	7	7	every base between CDEI and CDEIII, count over length plus one
GCA_030565105.1	pcan_v1	16	14	16	as PCAn v1.0 computes it (shifted stretch, count over length plus one)
GCA_030565105.1	cdeii_count_over_length	16	14	17	every base between CDEI and CDEIII, count over length (the published column)
GCA_030565105.1	cdeii_count_over_length_plus_one	16	14	16	every base between CDEI and CDEIII, count over length plus one
GCA_030565665.1	pcan_v1	8	8	8	as PCAn v1.0 computes it (shifted stretch, count over length plus one)
GCA_030565665.1	cdeii_count_over_length	8	0	7	every base between CDEI and CDEIII, count over length (the published column)
GCA_030565665.1	cdeii_count_over_length_plus_one	8	8	8	every base between CDEI and CDEIII, count over length plus one
GCA_030568035.1	pcan_v1	16	13	15	as PCAn v1.0 computes it (shifted stretch, count over length plus one)
GCA_030568035.1	cdeii_count_over_length	16	0	27	every base between CDEI and CDEIII, count over length (the published column)
GCA_030568035.1	cdeii_count_over_length_plus_one	16	13	16	every base between CDEI and CDEIII, count over length plus one
GCA_030568135.1	pcan_v1	16	15	18	as PCAn v1.0 computes it (shifted stretch, count over length plus one)
GCA_030568135.1	cdeii_count_over_length	16	0	5	every base between CDEI and CDEIII, count over length (the published column)
GCA_030568135.1	cdeii_count_over_length_plus_one	16	15	18	every base between CDEI and CDEIII, count over length plus one
GCA_030568175.1	pcan_v1	8	8	8	as PCAn v1.0 computes it (shifted stretch, count over length plus one)
GCA_030568175.1	cdeii_count_over_length	8	8	8	every base between CDEI and CDEIII, count over length (the published column)
GCA_030568175.1	cdeii_count_over_length_plus_one	8	8	8	every base between CDEI and CDEIII, count over length plus one
GCA_030569875.1	pcan_v1	13	13	13	as PCAn v1.0 computes it (shifted stretch, count over length plus one)
GCA_030569875.1	cdeii_count_over_length	13	13	13	every base between CDEI and CDEIII, count over length (the published column)
GCA_030569875.1	cdeii_count_over_length_plus_one	13	13	13	every base between CDEI and CDEIII, count over length plus one
GCA_030569995.1	pcan_v1	8	8	8	as PCAn v1.0 computes it (shifted stretch, count over length plus one)
GCA_030569995.1	cdeii_count_over_length	8	8	8	every base between CDEI and CDEIII, count over length (the published column)
GCA_030569995.1	cdeii_count_over_length_plus_one	8	8	8	every base between CDEI and CDEIII, count over length plus one
GCA_030571275.1	pcan_v1	8	8	8	as PCAn v1.0 computes it (shifted stretch, count over length plus one)
GCA_030571275.1	cdeii_count_over_length	8	0	7	every base between CDEI and CDEIII, count over length (the published column)
GCA_030571275.1	cdeii_count_over_length_plus_one	8	8	8	every base between CDEI and CDEIII, count over length plus one
GCA_030571355.1	pcan_v1	11	11	11	as PCAn v1.0 computes it (shifted stretch, count over length plus one)
GCA_030571355.1	cdeii_count_over_length	11	11	11	every base between CDEI and CDEIII, count over length (the published column)
GCA_030571355.1	cdeii_count_over_length_plus_one	11	11	11	every base between CDEI and CDEIII, count over length plus one
GCA_030571395.1	pcan_v1	13	12	15	as PCAn v1.0 computes it (shifted stretch, count over length plus one)
GCA_030571395.1	cdeii_count_over_length	13	12	15	every base between CDEI and CDEIII, count over length (the published column)
GCA_030571395.1	cdeii_count_over_length_plus_one	13	12	15	every base between CDEI and CDEIII, count over length plus one
GCA_030571515.1	pcan_v1	15	11	26	as PCAn v1.0 computes it (shifted stretch, count over length plus one)
GCA_030571515.1	cdeii_count_over_length	15	0	10	every base between CDEI and CDEIII, count over length (the published column)
GCA_030571515.1	cdeii_count_over_length_plus_one	15	11	26	every base between CDEI and CDEIII, count over length plus one
GCA_030571535.1	pcan_v1	11	11	15	as PCAn v1.0 computes it (shifted stretch, count over length plus one)
GCA_030571535.1	cdeii_count_over_length	11	0	10	every base between CDEI and CDEIII, count over length (the published column)
GCA_030571535.1	cdeii_count_over_length_plus_one	11	11	15	every base between CDEI and CDEIII, count over length plus one
GCA_030571545.1	pcan_v1	7	7	7	as PCAn v1.0 computes it (shifted stretch, count over length plus one)
GCA_030571545.1	cdeii_count_over_length	7	7	7	every base between CDEI and CDEIII, count over length (the published column)
GCA_030571545.1	cdeii_count_over_length_plus_one	7	7	7	every base between CDEI and CDEIII, count over length plus one
GCA_030571575.1	pcan_v1	16	16	16	as PCAn v1.0 computes it (shifted stretch, count over length plus one)
GCA_030571575.1	cdeii_count_over_length	16	16	16	every base between CDEI and CDEIII, count over length (the published column)
GCA_030571575.1	cdeii_count_over_length_plus_one	16	16	16	every base between CDEI and CDEIII, count over length plus one
GCA_030571615.1	pcan_v1	16	16	16	as PCAn v1.0 computes it (shifted stretch, count over length plus one)
GCA_030571615.1	cdeii_count_over_length	16	16	16	every base between CDEI and CDEIII, count over length (the published column)
GCA_030571615.1	cdeii_count_over_length_plus_one	16	16	16	every base between CDEI and CDEIII, count over length plus one
GCA_030571655.1	pcan_v1	13	13	13	as PCAn v1.0 computes it (shifted stretch, count over length plus one)
GCA_030571655.1	cdeii_count_over_length	13	13	13	every base between CDEI and CDEIII, count over length (the published column)
GCA_030571655.1	cdeii_count_over_length_plus_one	13	13	13	every base between CDEI and CDEIII, count over length plus one
GCA_030571675.1	pcan_v1	15	11	19	as PCAn v1.0 computes it (shifted stretch, count over length plus one)
GCA_030571675.1	cdeii_count_over_length	15	0	8	every base between CDEI and CDEIII, count over length (the published column)
GCA_030571675.1	cdeii_count_over_length_plus_one	15	11	19	every base between CDEI and CDEIII, count over length plus one
GCA_030572675.1	pcan_v1	7	7	7	as PCAn v1.0 computes it (shifted stretch, count over length plus one)
GCA_030572675.1	cdeii_count_over_length	7	7	7	every base between CDEI and CDEIII, count over length (the published column)
GCA_030572675.1	cdeii_count_over_length_plus_one	7	7	7	every base between CDEI and CDEIII, count over length plus one
GCA_030572895.1	pcan_v1	16	15	16	as PCAn v1.0 computes it (shifted stretch, count over length plus one)
GCA_030572895.1	cdeii_count_over_length	16	15	16	every base between CDEI and CDEIII, count over length (the published column)
GCA_030572895.1	cdeii_count_over_length_plus_one	16	15	16	every base between CDEI and CDEIII, count over length plus one
GCA_030572985.1	pcan_v1	8	8	8	as PCAn v1.0 computes it (shifted stretch, count over length plus one)
GCA_030572985.1	cdeii_count_over_length	8	0	3	every base between CDEI and CDEIII, count over length (the published column)
GCA_030572985.1	cdeii_count_over_length_plus_one	8	8	8	every base between CDEI and CDEIII, count over length plus one
GCA_030573655.1	pcan_v1	15	14	15	as PCAn v1.0 computes it (shifted stretch, count over length plus one)
GCA_030573655.1	cdeii_count_over_length	15	14	15	every base between CDEI and CDEIII, count over length (the published column)
GCA_030573655.1	cdeii_count_over_length_plus_one	15	14	15	every base between CDEI and CDEIII, count over length plus one
GCA_030573835.1	pcan_v1	16	0	11	as PCAn v1.0 computes it (shifted stretch, count over length plus one)
GCA_030573835.1	cdeii_count_over_length	16	0	37	every base between CDEI and CDEIII, count over length (the published column)
GCA_030573835.1	cdeii_count_over_length_plus_one	16	0	11	every base between CDEI and CDEIII, count over length plus one
GCA_030573885.1	pcan_v1	16	14	17	as PCAn v1.0 computes it (shifted stretch, count over length plus one)
GCA_030573885.1	cdeii_count_over_length	16	0	35	every base between CDEI and CDEIII, count over length (the published column)
GCA_030573885.1	cdeii_count_over_length_plus_one	16	15	18	every base between CDEI and CDEIII, count over length plus one
GCA_030579215.1	pcan_v1	11	9	9	as PCAn v1.0 computes it (shifted stretch, count over length plus one)
GCA_030579215.1	cdeii_count_over_length	11	8	9	every base between CDEI and CDEIII, count over length (the published column)
GCA_030579215.1	cdeii_count_over_length_plus_one	11	9	9	every base between CDEI and CDEIII, count over length plus one
GCA_030579255.1	pcan_v1	15	14	15	as PCAn v1.0 computes it (shifted stretch, count over length plus one)
GCA_030579255.1	cdeii_count_over_length	15	14	15	every base between CDEI and CDEIII, count over length (the published column)
GCA_030579255.1	cdeii_count_over_length_plus_one	15	14	15	every base between CDEI and CDEIII, count over length plus one
GCA_030579315.1	pcan_v1	8	8	8	as PCAn v1.0 computes it (shifted stretch, count over length plus one)
GCA_030579315.1	cdeii_count_over_length	8	8	8	every base between CDEI and CDEIII, count over length (the published column)
GCA_030579315.1	cdeii_count_over_length_plus_one	8	8	8	every base between CDEI and CDEIII, count over length plus one
GCA_030580195.1	pcan_v1	8	5	6	as PCAn v1.0 computes it (shifted stretch, count over length plus one)
GCA_030580195.1	cdeii_count_over_length	8	5	6	every base between CDEI and CDEIII, count over length (the published column)
GCA_030580195.1	cdeii_count_over_length_plus_one	8	5	6	every base between CDEI and CDEIII, count over length plus one
GCA_030580495.1	pcan_v1	8	8	8	as PCAn v1.0 computes it (shifted stretch, count over length plus one)
GCA_030580495.1	cdeii_count_over_length	8	8	8	every base between CDEI and CDEIII, count over length (the published column)
GCA_030580495.1	cdeii_count_over_length_plus_one	8	8	8	every base between CDEI and CDEIII, count over length plus one
GCA_030580575.1	pcan_v1	13	10	20	as PCAn v1.0 computes it (shifted stretch, count over length plus one)
GCA_030580575.1	cdeii_count_over_length	13	10	21	every base between CDEI and CDEIII, count over length (the published column)
GCA_030580575.1	cdeii_count_over_length_plus_one	13	10	20	every base between CDEI and CDEIII, count over length plus one
GCA_030583465.1	pcan_v1	11	11	11	as PCAn v1.0 computes it (shifted stretch, count over length plus one)
GCA_030583465.1	cdeii_count_over_length	11	11	11	every base between CDEI and CDEIII, count over length (the published column)
GCA_030583465.1	cdeii_count_over_length_plus_one	11	11	11	every base between CDEI and CDEIII, count over length plus one
GCA_030674245.1	pcan_v1	16	15	15	as PCAn v1.0 computes it (shifted stretch, count over length plus one)
GCA_030674245.1	cdeii_count_over_length	16	15	15	every base between CDEI and CDEIII, count over length (the published column)
GCA_030674245.1	cdeii_count_over_length_plus_one	16	15	15	every base between CDEI and CDEIII, count over length plus one
GCA_030674295.1	pcan_v1	15	12	16	as PCAn v1.0 computes it (shifted stretch, count over length plus one)
GCA_030674295.1	cdeii_count_over_length	15	11	15	every base between CDEI and CDEIII, count over length (the published column)
GCA_030674295.1	cdeii_count_over_length_plus_one	15	11	15	every base between CDEI and CDEIII, count over length plus one
GCA_030705145.1	pcan_v1	6	6	6	as PCAn v1.0 computes it (shifted stretch, count over length plus one)
GCA_030705145.1	cdeii_count_over_length	6	6	6	every base between CDEI and CDEIII, count over length (the published column)
GCA_030705145.1	cdeii_count_over_length_plus_one	6	6	6	every base between CDEI and CDEIII, count over length plus one
GCA_030705205.1	pcan_v1	13	11	13	as PCAn v1.0 computes it (shifted stretch, count over length plus one)
GCA_030705205.1	cdeii_count_over_length	13	11	14	every base between CDEI and CDEIII, count over length (the published column)
GCA_030705205.1	cdeii_count_over_length_plus_one	13	11	13	every base between CDEI and CDEIII, count over length plus one
GCA_040114465.1	pcan_v1	8	7	8	as PCAn v1.0 computes it (shifted stretch, count over length plus one)
GCA_040114465.1	cdeii_count_over_length	8	7	8	every base between CDEI and CDEIII, count over length (the published column)
GCA_040114465.1	cdeii_count_over_length_plus_one	8	7	8	every base between CDEI and CDEIII, count over length plus one
GCA_040114505.1	pcan_v1	8	7	8	as PCAn v1.0 computes it (shifted stretch, count over length plus one)
GCA_040114505.1	cdeii_count_over_length	8	7	8	every base between CDEI and CDEIII, count over length (the published column)
GCA_040114505.1	cdeii_count_over_length_plus_one	8	7	8	every base between CDEI and CDEIII, count over length plus one
GCA_041380205.1	pcan_v1	16	16	16	as PCAn v1.0 computes it (shifted stretch, count over length plus one)
GCA_041380205.1	cdeii_count_over_length	16	0	7	every base between CDEI and CDEIII, count over length (the published column)
GCA_041380205.1	cdeii_count_over_length_plus_one	16	16	16	every base between CDEI and CDEIII, count over length plus one
GCA_041430495.1	pcan_v1	15	15	15	as PCAn v1.0 computes it (shifted stretch, count over length plus one)
GCA_041430495.1	cdeii_count_over_length	15	15	16	every base between CDEI and CDEIII, count over length (the published column)
GCA_041430495.1	cdeii_count_over_length_plus_one	15	15	15	every base between CDEI and CDEIII, count over length plus one
GCA_900074715.1	pcan_v1	8	8	8	as PCAn v1.0 computes it (shifted stretch, count over length plus one)
GCA_900074715.1	cdeii_count_over_length	8	8	8	every base between CDEI and CDEIII, count over length (the published column)
GCA_900074715.1	cdeii_count_over_length_plus_one	8	8	8	every base between CDEI and CDEIII, count over length plus one
GCA_900074725.1	pcan_v1	8	8	8	as PCAn v1.0 computes it (shifted stretch, count over length plus one)
GCA_900074725.1	cdeii_count_over_length	8	0	6	every base between CDEI and CDEIII, count over length (the published column)
GCA_900074725.1	cdeii_count_over_length_plus_one	8	8	8	every base between CDEI and CDEIII, count over length plus one
GCA_900074735.1	pcan_v1	7	7	7	as PCAn v1.0 computes it (shifted stretch, count over length plus one)
GCA_900074735.1	cdeii_count_over_length	7	7	7	every base between CDEI and CDEIII, count over length (the published column)
GCA_900074735.1	cdeii_count_over_length_plus_one	7	7	7	every base between CDEI and CDEIII, count over length plus one
GCA_900074745.1	pcan_v1	8	8	8	as PCAn v1.0 computes it (shifted stretch, count over length plus one)
GCA_900074745.1	cdeii_count_over_length	8	8	8	every base between CDEI and CDEIII, count over length (the published column)
GCA_900074745.1	cdeii_count_over_length_plus_one	8	8	8	every base between CDEI and CDEIII, count over length plus one
GCA_900074755.1	pcan_v1	8	8	8	as PCAn v1.0 computes it (shifted stretch, count over length plus one)
GCA_900074755.1	cdeii_count_over_length	8	8	8	every base between CDEI and CDEIII, count over length (the published column)
GCA_900074755.1	cdeii_count_over_length_plus_one	8	8	8	every base between CDEI and CDEIII, count over length plus one
GCA_900074765.1	pcan_v1	8	7	8	as PCAn v1.0 computes it (shifted stretch, count over length plus one)
GCA_900074765.1	cdeii_count_over_length	8	0	4	every base between CDEI and CDEIII, count over length (the published column)
GCA_900074765.1	cdeii_count_over_length_plus_one	8	7	8	every base between CDEI and CDEIII, count over length plus one
GCA_900162805.1	pcan_v1	8	8	8	as PCAn v1.0 computes it (shifted stretch, count over length plus one)
GCA_900162805.1	cdeii_count_over_length	8	8	8	every base between CDEI and CDEIII, count over length (the published column)
GCA_900162805.1	cdeii_count_over_length_plus_one	8	8	8	every base between CDEI and CDEIII, count over length plus one
GCA_900180425.1	pcan_v1	11	10	10	as PCAn v1.0 computes it (shifted stretch, count over length plus one)
GCA_900180425.1	cdeii_count_over_length	11	10	10	every base between CDEI and CDEIII, count over length (the published column)
GCA_900180425.1	cdeii_count_over_length_plus_one	11	10	10	every base between CDEI and CDEIII, count over length plus one
GCA_900186055.1	pcan_v1	8	8	8	as PCAn v1.0 computes it (shifted stretch, count over length plus one)
GCA_900186055.1	cdeii_count_over_length	8	0	6	every base between CDEI and CDEIII, count over length (the published column)
GCA_900186055.1	cdeii_count_over_length_plus_one	8	8	8	every base between CDEI and CDEIII, count over length plus one
GCA_900290405.1	pcan_v1	16	16	16	as PCAn v1.0 computes it (shifted stretch, count over length plus one)
GCA_900290405.1	cdeii_count_over_length	16	16	16	every base between CDEI and CDEIII, count over length (the published column)
GCA_900290405.1	cdeii_count_over_length_plus_one	16	16	16	every base between CDEI and CDEIII, count over length plus one
GCA_900465325.1	pcan_v1	19	19	19	as PCAn v1.0 computes it (shifted stretch, count over length plus one)
GCA_900465325.1	cdeii_count_over_length	19	19	19	every base between CDEI and CDEIII, count over length (the published column)
GCA_900465325.1	cdeii_count_over_length_plus_one	19	19	19	every base between CDEI and CDEIII, count over length plus one
GCA_903064755.1	pcan_v1	11	11	11	as PCAn v1.0 computes it (shifted stretch, count over length plus one)
GCA_903064755.1	cdeii_count_over_length	11	11	11	every base between CDEI and CDEIII, count over length (the published column)
GCA_903064755.1	cdeii_count_over_length_plus_one	11	11	11	every base between CDEI and CDEIII, count over length plus one
GCA_931305995.1	pcan_v1	8	8	8	as PCAn v1.0 computes it (shifted stretch, count over length plus one)
GCA_931305995.1	cdeii_count_over_length	8	8	8	every base between CDEI and CDEIII, count over length (the published column)
GCA_931305995.1	cdeii_count_over_length_plus_one	8	8	9	every base between CDEI and CDEIII, count over length plus one
GCA_946403475.1	pcan_v1	8	7	8	as PCAn v1.0 computes it (shifted stretch, count over length plus one)
GCA_946403475.1	cdeii_count_over_length	8	7	8	every base between CDEI and CDEIII, count over length (the published column)
GCA_946403475.1	cdeii_count_over_length_plus_one	8	7	8	every base between CDEI and CDEIII, count over length plus one
GCA_947241705.1	pcan_v1	16	16	16	as PCAn v1.0 computes it (shifted stretch, count over length plus one)
GCA_947241705.1	cdeii_count_over_length	16	16	16	every base between CDEI and CDEIII, count over length (the published column)
GCA_947241705.1	cdeii_count_over_length_plus_one	16	16	16	every base between CDEI and CDEIII, count over length plus one
GCA_947243775.1	pcan_v1	16	16	16	as PCAn v1.0 computes it (shifted stretch, count over length plus one)
GCA_947243775.1	cdeii_count_over_length	16	15	16	every base between CDEI and CDEIII, count over length (the published column)
GCA_947243775.1	cdeii_count_over_length_plus_one	16	16	16	every base between CDEI and CDEIII, count over length plus one
GCA_947243795.1	pcan_v1	16	16	16	as PCAn v1.0 computes it (shifted stretch, count over length plus one)
GCA_947243795.1	cdeii_count_over_length	16	0	5	every base between CDEI and CDEIII, count over length (the published column)
GCA_947243795.1	cdeii_count_over_length_plus_one	16	16	16	every base between CDEI and CDEIII, count over length plus one
GCA_949129085.1	pcan_v1	16	15	15	as PCAn v1.0 computes it (shifted stretch, count over length plus one)
GCA_949129085.1	cdeii_count_over_length	16	0	1	every base between CDEI and CDEIII, count over length (the published column)
GCA_949129085.1	cdeii_count_over_length_plus_one	16	15	15	every base between CDEI and CDEIII, count over length plus one
GCA_950065675.1	pcan_v1	15	15	15	as PCAn v1.0 computes it (shifted stretch, count over length plus one)
GCA_950065675.1	cdeii_count_over_length	15	15	15	every base between CDEI and CDEIII, count over length (the published column)
GCA_950065675.1	cdeii_count_over_length_plus_one	15	15	15	every base between CDEI and CDEIII, count over length plus one
all	cdeii_count_over_length	1465	934	1380	every base between CDEI and CDEIII, count over length (the published column)
all	cdeii_count_over_length_plus_one	1465	1355	1486	every base between CDEI and CDEIII, count over length plus one
all	pcan_v1	1465	1356	1485	as PCAn v1.0 computes it (shifted stretch, count over length plus one)
