species	accession	published_contig	chr_no	status	cause	detail	median_top5_cdeii_len	published_median_cdeii_len
Lachancea waltii	GCA_000167115.1	AADM01000021.1	1	missing	published CDEI not found at the released CDEI threshold	CDEIII hit present; no CDEI hit in its window	93.0	94.0
Tetrapisispora phaffii	GCA_000236905.1	NC_016534.1	15	missing	candidate formed, removed by not_in_top50	published candidate formed (rank 68), removed at not_in_top50	136.0	132.0
Torulaspora delbrueckii	GCA_000243375.1	NC_016501.1	1	different_cdeii_length	published CDEI not found at the released CDEI threshold	CDEIII hit present; published CDEI not among candidates; best candidate here CDEII 205, removed at cdeii_length_outside_anchor_window	133.0	133.0
Torulaspora delbrueckii	GCA_000243375.1	NC_016505.1	5	different_cdeii_length	published CDEI not found at the released CDEI threshold	CDEIII hit present; published CDEI not among candidates; best candidate here CDEII 43, removed at cdeii_length_outside_anchor_window	133.0	133.0
Henningerozyma blattae	GCA_000315915.1	HE806316.1	2	missing	candidate formed, removed by not_best_on_contig	published candidate formed (rank 5), removed at not_best_on_contig	194.0	193.0
Saccharomyces eubayanus	GCA_001298625.1	NC_030981.1	12	unlocated	published sequence differs from the assembly	longest matching prefix 116 of 120 bases	86.0	85.0
Kluyveromyces marxianus	GCA_001417885.1	NC_036025.1	1	different_cdeii_length	published CDEI not found at the released CDEI threshold	CDEIII hit present; published CDEI not among candidates; best candidate here CDEII 164, removed at called	165.0	165.0
Zygosaccharomyces parabailii	GCA_001984395.2	CP019498.1	9	missing	CDEIII motif below the released threshold	no CDEIII hit at the published motif in FIMO's first pass at this threshold	133.0	133.5
Zygosaccharomyces parabailii	GCA_001984395.2	CP019501.1	12	missing	published CDEI not found at the released CDEI threshold	CDEIII hit present; no CDEI hit in its window	133.0	133.5
Lachancea quebecensis	GCA_002900925.1	LN890542.1	3	different_cdeii_length	candidate formed, removed by duplicate_cdeiii_hit	published candidate formed (rank 46), removed at duplicate_cdeiii_hit	95.0	94.5
Torulaspora franciscae	GCA_003705175.3	PPHX03000005.1	4	different_cdeii_length	candidate formed, removed by duplicate_cdeiii_hit	published candidate formed (rank 26), removed at duplicate_cdeiii_hit	132.0	133.0
Torulaspora franciscae	GCA_003705175.3	PPHX03000021.1	8	missing	candidate formed, removed by not_in_top50	published candidate formed (rank 108), removed at not_in_top50	132.0	133.0
Tetrapisispora iriomotensis	GCA_003705975.2	PPKC02000015.1	9	missing	published CDEI not found at the released CDEI threshold	CDEIII hit present; published CDEI not among candidates; best candidate here CDEII 173, removed at cdeii_length_outside_anchor_window	125.0	126.5
Tetrapisispora iriomotensis	GCA_003705975.2	PPKC02000015.1	10	unlocated	published sequence differs from the assembly	longest matching prefix 166 of 167 bases	125.0	126.5
Tetrapisispora namnaoensis	GCA_003705985.2	PPKD02000012.1	9	missing	published CDEI not found at the released CDEI threshold	CDEIII hit present; published CDEI not among candidates; best candidate here CDEII 70, removed at cdeii_length_outside_anchor_window	125.0	126.0
Kluyveromyces aestuarii	GCA_003707555.2	PPJO01000001.1	1	unlocated	calls published on a replaced assembly version	Supplementary Data 2 contig names belong to GCA_003707555.1	162.0	163.0
Kluyveromyces aestuarii	GCA_003707555.2	PPJO01000003.1	2	unlocated	calls published on a replaced assembly version	Supplementary Data 2 contig names belong to GCA_003707555.1	162.0	163.0
Kluyveromyces aestuarii	GCA_003707555.2	PPJO01000004.1	3	unlocated	calls published on a replaced assembly version	Supplementary Data 2 contig names belong to GCA_003707555.1	162.0	163.0
Kluyveromyces aestuarii	GCA_003707555.2	PPJO01000005.1	4	unlocated	calls published on a replaced assembly version	Supplementary Data 2 contig names belong to GCA_003707555.1	162.0	163.0
Kluyveromyces aestuarii	GCA_003707555.2	PPJO01000007.1	5	unlocated	calls published on a replaced assembly version	Supplementary Data 2 contig names belong to GCA_003707555.1	162.0	163.0
Kluyveromyces aestuarii	GCA_003707555.2	PPJO01000010.1	6	unlocated	calls published on a replaced assembly version	Supplementary Data 2 contig names belong to GCA_003707555.1	162.0	163.0
Kluyveromyces aestuarii	GCA_003707555.2	PPJO01000019.1	7	unlocated	calls published on a replaced assembly version	Supplementary Data 2 contig names belong to GCA_003707555.1	162.0	163.0
Kluyveromyces aestuarii	GCA_003707555.2	PPJO01000035.1	8	unlocated	calls published on a replaced assembly version	Supplementary Data 2 contig names belong to GCA_003707555.1	162.0	163.0
Tetrapisispora fleetii	GCA_003707605.2	PPKB02000003.1	3	missing	published CDEI not found at the released CDEI threshold	CDEIII hit present; published CDEI not among candidates; best candidate here CDEII 190, removed at cdeii_length_outside_anchor_window	134.0	126.0
Tetrapisispora fleetii	GCA_003707605.2	PPKB02000006.1	5	missing	published CDEI not found at the released CDEI threshold	CDEIII hit present; published CDEI not among candidates; best candidate here CDEII 181, removed at cdeii_length_outside_anchor_window	134.0	126.0
Tetrapisispora fleetii	GCA_003707605.2	PPKB02000011.1	8	missing	CDEIII motif below the released threshold	no CDEIII hit at the published motif in FIMO's first pass at this threshold	134.0	126.0
Torulaspora maleeae	GCA_003708055.3	PPNA03000005.1	5	missing	published CDEI not found at the released CDEI threshold	CDEIII hit present; no CDEI hit in its window	133.0	133.0
Torulaspora maleeae	GCA_003708055.3	PPNA03000013.1	7	different_cdeii_length	published CDEI not found at the released CDEI threshold	CDEIII hit present; published CDEI not among candidates; best candidate here CDEII 136, removed at called	133.0	133.0
Jamesozyma rosinii	GCA_003708425.3	PPOD03000327.1	14	missing	candidate formed, removed by not_best_on_contig	published candidate formed (rank 22), removed at not_best_on_contig	49.0	49.0
Kazachstania kunashirensis	GCA_003708465.2	PPOH02000232.1	7	missing	candidate formed, removed by not_best_on_contig	published candidate formed (rank 11), removed at not_best_on_contig	51.0	51.0
Monosporozyma unispora	GCA_003708525.3	PPON03000001.1	1	missing	CDEIII motif below the released threshold	no CDEIII hit at the published motif in FIMO's first pass at this threshold	50.0	49.0
Monosporozyma unispora	GCA_003708525.3	PPON03000015.1	5	missing	CDEIII motif below the released threshold	no CDEIII hit at the published motif in FIMO's first pass at this threshold	50.0	49.0
Kazachstania bromeliacearum	GCA_003708535.3	PPOP03000073.1	9	missing	CDEIII motif below the released threshold	no CDEIII hit at the published motif in FIMO's first pass at this threshold	49.0	49.0
Jamesozyma spencerorum	GCA_003708825.3	PPOE03001115.1	10	missing	candidate formed, removed by duplicate_sequence	published candidate formed (rank 7), removed at duplicate_sequence	61.0	60.0
Monosporozyma siamensis	GCA_003708905.3	PPOL03000100.1	8	missing	CDEIII motif below the released threshold	no CDEIII hit at the published motif in FIMO's first pass at this threshold	50.0	50.0
Monosporozyma siamensis	GCA_003708905.3	PPOL03000133.1	10	different_cdeii_length	published CDEI not found at the released CDEI threshold	CDEIII hit present; published CDEI not among candidates; best candidate here CDEII 73, removed at called	50.0	50.0
Kazachstania martiniae	GCA_003708925.3	PPOM03000383.1	12	missing	candidate formed, removed by not_best_on_contig	published candidate formed (rank 12), removed at not_best_on_contig	49.0	49.0
Grigorovia yakushimaensis	GCA_003709265.2	PPOC02000525.1	14	missing	CDEIII motif below the released threshold	no CDEIII hit at the published motif in FIMO's first pass at this threshold	49.0	49.0
Torulaspora pretoriensis	GCA_012851205.1	JABBEO010000006.1	6	missing	published CDEI not found at the released CDEI threshold	CDEIII hit present; published CDEI not among candidates; best candidate here CDEII 61, removed at cdeii_length_outside_anchor_window	132.0	133.0
Torulaspora globosa	GCA_014133895.1	NC_050728.1	2	missing	published CDEI not found at the released CDEI threshold	CDEIII hit present; no CDEI hit in its window	133.0	133.0
Torulaspora globosa	GCA_014133895.1	NC_050731.1	5	missing	published CDEI not found at the released CDEI threshold	CDEIII hit present; published CDEI not among candidates; best candidate here CDEII 236, removed at cdeii_length_outside_anchor_window	133.0	133.0
Arxiozyma sp. Y4206	GCA_023629195.1	JAMAJF010000061.1	14	different_cdeii_length	candidate formed, removed by duplicate_cdeiii_hit	published candidate formed (rank 16), removed at duplicate_cdeiii_hit	50.0	49.0
Monosporozyma servazzii	GCA_028408395.1	JAKOOT010000005.1	2	missing	CDEIII motif below the released threshold	no CDEIII hit at the published motif in FIMO's first pass at this threshold	51.0	50.0
Monosporozyma servazzii	GCA_028408395.1	JAKOOT010000021.1	12	different_cdeii_length	published CDEI not found at the released CDEI threshold	CDEIII hit present; published CDEI not among candidates; best candidate here CDEII 73, removed at called	51.0	50.0
Monosporozyma aerobia	GCA_028408415.1	JAKOOU010000006.1	5	different_cdeii_length	published CDEI not found at the released CDEI threshold	CDEIII hit present; published CDEI not among candidates; best candidate here CDEII 74, removed at called	50.0	50.0
Monosporozyma aerobia	GCA_028408415.1	JAKOOU010000016.1	10	missing	CDEIII motif below the released threshold	no CDEIII hit at the published motif in FIMO's first pass at this threshold	50.0	50.0
Grigorovia humatica	GCA_030462875.1	JAMSGM010000029.1	1	different_cdeii_length	published CDEI not found at the released CDEI threshold	CDEIII hit present; published CDEI not among candidates; best candidate here CDEII 22, removed at called	49.0	49.0
Grigorovia humatica	GCA_030462875.1	JAMSGM010000062.1	3	missing	CDEIII motif below the released threshold	no CDEIII hit at the published motif in FIMO's first pass at this threshold	49.0	49.0
Grigorovia humatica	GCA_030462875.1	JAMSGM010000091.1	5	missing	CDEIII motif below the released threshold	no CDEIII hit at the published motif in FIMO's first pass at this threshold	49.0	49.0
Grigorovia humatica	GCA_030462875.1	JAMSGM010000160.1	12	missing	CDEIII motif below the released threshold	no CDEIII hit at the published motif in FIMO's first pass at this threshold	49.0	49.0
Tetrapisispora arboricola	GCA_030557565.1	JAKTPK010000210.1	13	missing	published CDEI not found at the released CDEI threshold	CDEIII hit present; published CDEI not among candidates; best candidate here CDEII 12, removed at not_in_top50	125.0	125.5
Monosporozyma yasuniensis	GCA_030558655.1	JAKTQC010000040.1	7	different_cdeii_length	candidate formed, removed by duplicate_cdeiii_hit	published candidate formed (rank 20), removed at duplicate_cdeiii_hit	50.0	49.0
Monosporozyma yasuniensis	GCA_030558655.1	JAKTQC010000072.1	10	missing	CDEIII motif below the released threshold	no CDEIII hit at the published motif in FIMO's first pass at this threshold	50.0	49.0
Vanderwaltozyma verrucispora	GCA_030565105.1	JAJMAX010000039.1	5	missing	CDEIII motif below the released threshold	no CDEIII hit at the published motif in FIMO's first pass at this threshold	76.0	76.0
Vanderwaltozyma verrucispora	GCA_030565105.1	JAJMAX010000193.1	15	missing	CDEIII motif below the released threshold	no CDEIII hit at the published motif in FIMO's first pass at this threshold	76.0	76.0
Tetrapisispora nanseiensis	GCA_030568035.1	JAJLTH010000065.1	7	missing	published CDEI not found at the released CDEI threshold	CDEIII hit present; published CDEI not among candidates; best candidate here CDEII 202, removed at cdeii_length_outside_anchor_window	124.0	125.0
Tetrapisispora nanseiensis	GCA_030568035.1	JAJLTH010000114.1	13	missing	published CDEI not found at the released CDEI threshold	CDEIII hit present; published CDEI not among candidates; best candidate here CDEII 41, removed at not_in_top50	124.0	125.0
Tetrapisispora nanseiensis	GCA_030568035.1	JAJLTH010000137.1	16	missing	published CDEI not found at the released CDEI threshold	CDEIII hit present; published CDEI not among candidates; best candidate here CDEII 201, removed at cdeii_length_outside_anchor_window	124.0	125.0
Vanderwaltozyma yarrowii	GCA_030568135.1	JAJLTL010000134.1	10	missing	CDEIII motif below the released threshold	no CDEIII hit at the published motif in FIMO's first pass at this threshold	77.0	77.0
Nakaseomyces sp. yHDO568	GCA_030571395.1	JAJLXT010000170.1	13	different_cdeii_length	candidate formed, removed by duplicate_cdeiii_hit	published candidate formed (rank 45), removed at duplicate_cdeiii_hit	80.0	79.0
Monosporozyma aquatica	GCA_030571515.1	JAJLXW010000290.1	2	different_cdeii_length	candidate formed, removed by not_best_on_contig	published candidate formed (rank 22), removed at not_best_on_contig	50.0	50.0
Monosporozyma aquatica	GCA_030571515.1	JAJLXW010000359.1	5	different_cdeii_length	candidate formed, removed by not_best_on_contig	published candidate formed (rank 11), removed at not_best_on_contig	50.0	50.0
Monosporozyma aquatica	GCA_030571515.1	JAJLXW010000517.1	8	different_cdeii_length	candidate formed, removed by not_best_on_contig	published candidate formed (rank 6), removed at not_best_on_contig	50.0	50.0
Monosporozyma aquatica	GCA_030571515.1	JAJLXW010000589.1	12	different_cdeii_length	CDEIII motif below the released threshold	no CDEIII hit at the published motif in FIMO's first pass at this threshold	50.0	50.0
Arxiozyma telluris	GCA_030571675.1	JAJLYH010000024.1	2	missing	published CDEI not found at the released CDEI threshold	CDEIII hit present; published CDEI not among candidates; best candidate here CDEII 148, removed at cdeii_length_outside_anchor_window	50.0	50.0
Arxiozyma telluris	GCA_030571675.1	JAJLYH010000057.1	4	missing	CDEIII motif below the released threshold	no CDEIII hit at the published motif in FIMO's first pass at this threshold	50.0	50.0
Arxiozyma telluris	GCA_030571675.1	JAJLYH010000074.1	6	missing	CDEIII motif below the released threshold	no CDEIII hit at the published motif in FIMO's first pass at this threshold	50.0	50.0
Arxiozyma telluris	GCA_030571675.1	JAJLYH010000079.1	7	missing	published CDEI not found at the released CDEI threshold	CDEIII hit present; no CDEI hit in its window	50.0	50.0
Jamesozyma jinghongensis	GCA_030572895.1	JAJMCG010000001.1	1	different_cdeii_length	CDEIII motif offset from the published one	first-pass CDEIII hit overlaps but is offset from the published motif	59.0	59.0
Cylindricascospora bacillispora	GCA_030573655.1	JAJMDR010000001.1	1	missing	CDEIII motif below the released threshold	no CDEIII hit at the published motif in FIMO's first pass at this threshold	127.0	127.0
Tetrapisispora taiwanensis	GCA_030573835.1	JAJMDZ010000001.1	1	missing	length anchor set by false candidates	published candidate formed (rank 9), removed at cdeii_length_outside_anchor_window	42.0	125.5
Tetrapisispora taiwanensis	GCA_030573835.1	JAJMDZ010000007.1	2	missing	CDEIII motif below the released threshold	no CDEIII hit at the published motif in FIMO's first pass at this threshold	42.0	125.5
Tetrapisispora taiwanensis	GCA_030573835.1	JAJMDZ010000008.1	3	missing	length anchor set by false candidates	published candidate formed (rank 10), removed at cdeii_length_outside_anchor_window	42.0	125.5
Tetrapisispora taiwanensis	GCA_030573835.1	JAJMDZ010000010.1	4	missing	length anchor set by false candidates	published candidate formed (rank 3), removed at cdeii_length_outside_anchor_window	42.0	125.5
Tetrapisispora taiwanensis	GCA_030573835.1	JAJMDZ010000018.1	5	missing	length anchor set by false candidates	published candidate formed (rank 23), removed at cdeii_length_outside_anchor_window	42.0	125.5
Tetrapisispora taiwanensis	GCA_030573835.1	JAJMDZ010000019.1	6	missing	length anchor set by false candidates	published candidate formed (rank 6), removed at cdeii_length_outside_anchor_window	42.0	125.5
Tetrapisispora taiwanensis	GCA_030573835.1	JAJMDZ010000021.1	7	missing	length anchor set by false candidates	published candidate formed (rank 26), removed at cdeii_length_outside_anchor_window	42.0	125.5
Tetrapisispora taiwanensis	GCA_030573835.1	JAJMDZ010000023.1	8	missing	length anchor set by false candidates	published candidate formed (rank 20), removed at cdeii_length_outside_anchor_window	42.0	125.5
Tetrapisispora taiwanensis	GCA_030573835.1	JAJMDZ010000024.1	9	missing	length anchor set by false candidates	published candidate formed (rank 5), removed at cdeii_length_outside_anchor_window	42.0	125.5
Tetrapisispora taiwanensis	GCA_030573835.1	JAJMDZ010000030.1	10	missing	CDEIII motif below the released threshold	no CDEIII hit at the published motif in FIMO's first pass at this threshold	42.0	125.5
Tetrapisispora taiwanensis	GCA_030573835.1	JAJMDZ010000032.1	11	missing	length anchor set by false candidates	published candidate formed (rank 18), removed at cdeii_length_outside_anchor_window	42.0	125.5
Tetrapisispora taiwanensis	GCA_030573835.1	JAJMDZ010000041.1	12	missing	published CDEI not found at the released CDEI threshold	CDEIII hit present; published CDEI not among candidates; best candidate here CDEII 111, removed at not_in_top50	42.0	125.5
Tetrapisispora taiwanensis	GCA_030573835.1	JAJMDZ010000063.1	13	missing	length anchor set by false candidates	published candidate formed (rank 12), removed at cdeii_length_outside_anchor_window	42.0	125.5
Tetrapisispora taiwanensis	GCA_030573835.1	JAJMDZ010000064.1	14	missing	length anchor set by false candidates	published candidate formed (rank 7), removed at cdeii_length_outside_anchor_window	42.0	125.5
Tetrapisispora taiwanensis	GCA_030573835.1	JAJMDZ010000066.1	15	missing	length anchor set by false candidates	published candidate formed (rank 16), removed at cdeii_length_outside_anchor_window	42.0	125.5
Tetrapisispora taiwanensis	GCA_030573835.1	JAJMDZ010000084.1	16	missing	length anchor set by false candidates	published candidate formed (rank 11), removed at cdeii_length_outside_anchor_window	42.0	125.5
Tetrapisispora pingtungensis	GCA_030573885.1	JAJMDY010000053.1	10	missing	published CDEI not found at the released CDEI threshold	CDEIII hit present; published CDEI not among candidates; best candidate here CDEII 157, removed at cdeii_length_outside_anchor_window	125.0	125.0
Tetrapisispora pingtungensis	GCA_030573885.1	JAJMDY010000091.1	15	different_cdeii_length	candidate formed, removed by duplicate_cdeiii_hit	published candidate formed (rank 18), removed at duplicate_cdeiii_hit	125.0	125.0
Maudiozyma pseudohumilis	GCA_030579215.1	JAKTPZ010000105.1	8	missing	CDEIII motif below the released threshold	no CDEIII hit at the published motif in FIMO's first pass at this threshold	51.0	51.0
Maudiozyma pseudohumilis	GCA_030579215.1	JAKTPZ010000274.1	10	missing	CDEIII motif below the released threshold	no CDEIII hit at the published motif in FIMO's first pass at this threshold	51.0	51.0
Kazachstania psychrophila	GCA_030579255.1	JAKTQD010000012.1	6	different_cdeii_length	published CDEI not found at the released CDEI threshold	CDEIII hit present; published CDEI not among candidates; best candidate here CDEII 65, removed at called	50.0	50.0
Torulaspora sp. yHMJ407	GCA_030580195.1	JAKTSM010000003.1	3	missing	CDEIII motif below the released threshold	no CDEIII hit at the published motif in FIMO's first pass at this threshold	134.0	134.5
Torulaspora sp. yHMJ407	GCA_030580195.1	JAKTSM010000004.1	4	different_cdeii_length	candidate formed, removed by duplicate_cdeiii_hit	published candidate formed (rank 23), removed at duplicate_cdeiii_hit	134.0	134.5
Torulaspora sp. yHMJ407	GCA_030580195.1	JAKTSM010000006.1	6	missing	published CDEI not found at the released CDEI threshold	CDEIII hit present; published CDEI not among candidates; best candidate here CDEII 56, removed at not_in_top50	134.0	134.5
Arxiozyma bovina	GCA_030580575.1	JAKTTG010000318.1	3	missing	published CDEI not found at the released CDEI threshold	CDEIII hit present; no CDEI hit in its window	51.0	51.0
Arxiozyma bovina	GCA_030580575.1	JAKTTG010000391.1	4	missing	CDEIII motif below the released threshold	no CDEIII hit at the published motif in FIMO's first pass at this threshold	51.0	51.0
Arxiozyma bovina	GCA_030580575.1	JAKTTG010000544.1	11	missing	candidate formed, removed by duplicate_sequence	published candidate formed (rank 7), removed at duplicate_sequence	51.0	51.0
Jamesozyma piceae	GCA_030674245.1	JAJLYB010000151.1	14	missing	CDEIII motif below the released threshold	no CDEIII hit at the published motif in FIMO's first pass at this threshold	49.0	49.0
Arxiozyma heterogenica	GCA_030674295.1	JAJLYJ010000004.1	2	unlocated	published sequence repeated	occurs 2 times in the assembly	50.0	50.0
Arxiozyma heterogenica	GCA_030674295.1	JAJLYJ010000028.1	3	missing	candidate formed, removed by not_in_top50	published candidate formed (rank 54), removed at not_in_top50	50.0	50.0
Arxiozyma heterogenica	GCA_030674295.1	JAJLYJ010000078.1	5	different_cdeii_length	candidate formed, removed by duplicate_cdeiii_hit	published candidate formed (rank 12), removed at duplicate_cdeiii_hit	50.0	50.0
Huiozyma sinensis	GCA_030705205.1	JANIWX010000090.1	4	missing	CDEIII motif below the released threshold	no CDEIII hit at the published motif in FIMO's first pass at this threshold	49.0	49.0
Huiozyma sinensis	GCA_030705205.1	JANIWX010000147.1	11	missing	CDEIII motif below the released threshold	no CDEIII hit at the published motif in FIMO's first pass at this threshold	49.0	49.0
Torulaspora sp. 2017 38-3	GCA_040114465.1	JBBLNR010000002.1	2	different_cdeii_length	candidate formed, removed by duplicate_cdeiii_hit	published candidate formed (rank 19), removed at duplicate_cdeiii_hit	133.0	133.0
Torulaspora sp. 2017 36-1	GCA_040114505.1	JBBLNS010000002.1	2	missing	published CDEI not found at the released CDEI threshold	CDEIII hit present; published CDEI not among candidates; best candidate here CDEII 61, removed at cdeii_length_outside_anchor_window	132.0	132.0
Lachancea fermentati	GCA_900074765.1	LT598486.1	2	different_cdeii_length	candidate formed, removed by duplicate_cdeiii_hit	published candidate formed (rank 11), removed at duplicate_cdeiii_hit	163.0	163.0
Maudiozyma saulgeensis	GCA_900180425.1	FXLY01000002.1	2	missing	candidate formed, removed by not_best_on_contig	published candidate formed (rank 5), removed at not_best_on_contig	49.0	49.0
Torulaspora quercuum	GCA_946403475.1	OX291441.0	1	unlocated	contig name in Supplementary Data 2 differs from the assembly	sequence occurs once, on OX291441.1	135.0	134.5
Zygosaccharomyces pseudobailii	GCA_949129085.1	CASBRY010000016.1	16	unlocated	published sequence repeated	occurs 5 times in the assembly	134.0	134.0
