arm	status	claim	n	unit	test	estimate	ci_low	ci_high	p_raw	source	p_holm	holm_family_size	holm_tests_available
0	positive control (config/arm0_reproduction.md)	SGD centromeres of S288C called by PCAn v1.0	16 centromeres	centromere	none	1.0				results/arm0/s288c_vs_sgd.tsv		14	2
1 (simulation)	pre-specified (config/arm1_design.md)	mean recall relative to the unfragmented call, AT-weighted model, target contig N50 5 kb	10 genomes, 100 replicates	genome	none	0.7861950549450549	0.6957142857142857	0.8605494505494505		results/arm1/recall_pooled.tsv		14	2
1 (simulation)	pre-specified (config/arm1_design.md)	mean recall relative to the unfragmented call, AT-weighted model, target contig N50 10 kb	10 genomes, 100 replicates	genome	none	0.8653250915750916	0.7968131868131868	0.9241485805860806		results/arm1/recall_pooled.tsv		14	2
1 (simulation)	pre-specified (config/arm1_design.md)	mean recall relative to the unfragmented call, AT-weighted model, target contig N50 20 kb	10 genomes, 100 replicates	genome	none	0.9383928571428573	0.9103565705128206	0.9628571428571427		results/arm1/recall_pooled.tsv		14	2
1 (simulation)	pre-specified (config/arm1_design.md)	mean recall relative to the unfragmented call, AT-weighted model, target contig N50 50 kb	10 genomes, 100 replicates	genome	none	0.9725984432234432	0.951904761904762	0.9891346153846154		results/arm1/recall_pooled.tsv		14	2
1 (simulation)	pre-specified (config/arm1_design.md)	mean recall relative to the unfragmented call, uniform model, target contig N50 5 kb	10 genomes, 100 replicates	genome	none	0.9259065934065932	0.9012271062271064	0.9463241758241758		results/arm1/recall_pooled.tsv		14	2
1 (simulation)	pre-specified (config/arm1_design.md)	mean recall relative to the unfragmented call, uniform model, target contig N50 10 kb	10 genomes, 100 replicates	genome	none	0.9669619963369964	0.951923076923077	0.9802564102564104		results/arm1/recall_pooled.tsv		14	2
1 (simulation)	pre-specified (config/arm1_design.md)	mean recall relative to the unfragmented call, uniform model, target contig N50 20 kb	10 genomes, 100 replicates	genome	none	0.9785645604395604	0.9724107142857144	0.9845581501831502		results/arm1/recall_pooled.tsv		14	2
1 (simulation)	pre-specified (config/arm1_design.md)	mean recall relative to the unfragmented call, uniform model, target contig N50 50 kb	10 genomes, 100 replicates	genome	none	0.9957486263736264	0.9921222527472529	0.9992307692307691		results/arm1/recall_pooled.tsv		14	2
1 (simulation)	pre-specified (config/arm1_design.md)	planted CDEII variants of -10 bp called at the planted length	35 edits in 3 genomes	genome	none	1.0	1.0	1.0		results/arm1/detection_envelope.tsv		14	2
1 (simulation)	pre-specified (config/arm1_design.md)	planted CDEII variants of -5 bp called at the planted length	35 edits in 3 genomes	genome	none	1.0	1.0	1.0		results/arm1/detection_envelope.tsv		14	2
1 (simulation)	pre-specified (config/arm1_design.md)	planted CDEII variants of +5 bp called at the planted length	35 edits in 3 genomes	genome	none	1.0	1.0	1.0		results/arm1/detection_envelope.tsv		14	2
1 (simulation)	pre-specified (config/arm1_design.md)	planted CDEII variants of +10 bp called at the planted length	35 edits in 3 genomes	genome	none	0.9714285714285714	0.9375	1.0		results/arm1/detection_envelope.tsv		14	2
1 (simulation)	pre-specified (config/arm1_design.md)	planted CDEII variants of +15 bp called at the planted length	35 edits in 3 genomes	genome	none	0.9428571428571428	0.9166666666666666	1.0		results/arm1/detection_envelope.tsv		14	2
1 (simulation)	pre-specified (config/arm1_design.md)	planted CDEII variants of +20 bp called at the planted length	35 edits in 3 genomes	genome	none	1.0	1.0	1.0		results/arm1/detection_envelope.tsv		14	2
1 (simulation)	pre-specified (config/arm1_design.md)	planted CDEII variants of +30 bp called at the planted length	35 edits in 3 genomes	genome	none	0.3714285714285714	0.2857142857142857	0.4375		results/arm1/detection_envelope.tsv		14	2
1 (simulation)	pre-specified (config/arm1_design.md)	planted CDEII variants of +40 bp called at the planted length	35 edits in 3 genomes	genome	none	0.0	0.0	0.0		results/arm1/detection_envelope.tsv		14	2
2	confirmatory (config/analysis_plan.md)	C1: strains with equal call counts	69 strains	strain		0.6376811594202898	0.5197977087380359	0.7410427563983122		results/arm2/confirmatory.tsv		14	2
2	confirmatory (config/analysis_plan.md)	C2: fraction intact_called	69 strains	strain		0.8839528558476881	0.833634719710669	0.9283121597096188		results/arm2/confirmatory.tsv		14	2
2	confirmatory (config/analysis_plan.md)	C2: fraction intact_uncalled	69 strains	strain		0.0018132366273798	0.0	0.0045372050816696		results/arm2/confirmatory.tsv		14	2
2	confirmatory (config/analysis_plan.md)	C2: fraction split	69 strains	strain		0.056210335448776	0.0317028985507246	0.085222121486854		results/arm2/confirmatory.tsv		14	2
2	confirmatory (config/analysis_plan.md)	C2: fraction n_run	69 strains	strain		0.0244786944696282	0.0108991825613079	0.0399274047186932		results/arm2/confirmatory.tsv		14	2
2	confirmatory (config/analysis_plan.md)	C2: fraction absent	69 strains	strain		0.0335448776065276	0.0207956600361663	0.0473286964191271		results/arm2/confirmatory.tsv		14	2
2	confirmatory (config/analysis_plan.md)	C3: identical CDEII length among intact_called	69 strains	strain		0.9323076923076924	0.9039664420513032	0.9563322102276506		results/arm2/confirmatory.tsv		14	2
2	confirmatory (config/analysis_plan.md)	C4: break-rate ratio, centromere over AT-matched null	69 strains	strain	stratified permutation of log ratio, 10000 permutations	0.5115712545676006	0.3548733371762013	0.6583943744474773	9.999000099990002e-05	results/arm2/confirmatory.tsv	0.0012998700129987003	14	2
2	confirmatory (config/analysis_plan.md)	C4: break proportion, centromere minus null	69 strains	strain		-0.1090661831368993	-0.1349368205504539	-0.0812328577021346		results/arm2/confirmatory.tsv		14	2
2	confirmatory (config/analysis_plan.md)	C5: maximum-likelihood gamma of breakpoint placement; decision: AT-weighted	69 strains	strain	likelihood ratio, gamma = 0 against free gamma, chi-squared 1 df	5.0354020074924	4.4700063406673785	5.563995477669663	0.0	results/arm2/confirmatory.tsv	0.0	14	2
