stage	start_utc	end_utc	elapsed_s	peak_rss_mb	start_footprint_gb	peak_footprint_gb	min_free_drive_gb	threads	jobs	exit_status	note
install	2026-10-09T04:03:56Z	2026-10-09T04:14:18Z	622	443.0	0.0	3.32	47.4	16	1	0	
fetch_tables	2026-10-09T04:15:36Z	2026-10-09T04:16:07Z	31	47.0	3.32	3.32	47.4	16	1	35	
fetch_tables	2026-10-09T04:16:25Z	2026-10-09T04:16:46Z	21	47.0	3.32	3.34	47.4	16	1	1	
fetch_tables	2026-10-09T04:17:18Z	2026-10-09T04:17:22Z	3	88.0	3.34	3.38	47.4	16	1	1	
fetch_tables	2026-10-09T04:18:04Z	2026-10-09T04:18:08Z	4	89.0	3.38	3.38	47.4	16	1	0	
fetch_assemblies_arm0	2026-10-09T04:18:34Z	2026-10-09T04:33:40Z	906	124.0	3.38	3.9	46.9	16	1	0	
reproduce	2026-10-09T04:35:36Z	2026-10-09T04:51:24Z	948	134.0	3.98	4.04	46.5	16	8	0	
reproduce	2026-10-09T04:58:32Z	2026-10-09T04:59:04Z	32	138.0	3.91	3.91	46.4	16	8	0	
reproduce	2026-10-09T05:00:11Z	2026-10-09T05:00:35Z	23	138.0	3.91	3.91	46.4	16	8	0	
pairs	2026-10-09T06:41:48Z	2026-10-09T06:41:55Z	7	101.0	4.09	4.09	45.3	16	1	1	
fragment	2026-10-09T06:32:35Z	2026-10-09T06:45:33Z	778					16	8	stopped	stopped at the user's request after 358 of 1900 replicates; measure.py stopped with it
pairs	2026-10-09T06:43:46Z	2026-10-09T06:46:30Z	164					16	1	stopped	stopped at the user's request while downloading the Peter et al. 2018 archive
assemble_reads_test	2026-10-09T08:07:19Z	2026-10-09T08:07:20Z	1	47.0	5.1	5.1	44.1	16	1	1	
assemble_reads_test	2026-10-09T08:08:12Z	2026-10-09T08:08:14Z	1	47.0	5.14	5.15	44.0	16	1	1	
assemble_reads_test	2026-10-09T08:08:47Z	2026-10-09T08:08:48Z	1	47.0	5.18	5.18	44.0	16	1	1	
assemble_reads_test	2026-10-09T08:09:30Z	2026-10-09T08:16:14Z	404	1196.0	5.24	5.73	43.2	16	1	0	
fragment	2026-10-09T07:49:42Z	2026-10-09T08:52:04Z	3742	374.0	3.92	7.99	40.5	16	8	0	
variants	2026-10-09T08:52:14Z	2026-10-09T09:06:14Z	840	194.0	7.87	8.15	40.3	16	8	0	
score	2026-10-09T09:06:25Z	2026-10-09T09:07:10Z	45	134.0	7.96	7.96	40.4	16	1	0	
pairs	2026-10-09T07:49:42Z	2026-10-09T09:13:45Z	5043	102.0	3.92	8.83	39.7	16	1	0	
pairs	2026-10-09T09:18:13Z	2026-10-09T09:19:30Z	77	110.0	8.23	8.24	39.7	16	1	0	
reproduce	2026-10-09T09:26:22Z	2026-10-09T09:27:09Z	47	136.0	8.41	8.43	39.9	16	8	0	
fetch_assemblies_arm2	2026-10-09T09:20:13Z	2026-10-09T09:30:35Z	622	101.0	8.24	8.51	39.7	16	1	0	
assemble_reads_test	2026-10-09T09:33:37Z	2026-10-09T09:39:05Z	328	1195.0	8.55	8.71	39.9	16	1	0	
compare_arm2	2026-10-09T09:30:36Z	2026-10-09T10:03:38Z	1982	1840.0	8.51	8.71	39.8	16	4	1	
compare_arm2	2026-10-09T10:09:21Z	2026-10-09T10:11:26Z	125	280.0	8.6	8.6	39.8	16	4	0	
assemble_reads_test	2026-10-09T10:13:00Z	2026-10-09T10:17:31Z	271	1197.0	8.6	8.71	39.8	16	1	0	
compare_arm2	2026-10-09T10:16:42Z	2026-10-09T10:19:13Z	151	279.0	8.66	8.66	39.8	16	4	0	
compare_arm2	2026-10-09T10:23:00Z	2026-10-09T10:25:42Z	162	281.0	8.69	8.78	39.8	16	4	0	
compare_arm2	2026-10-09T10:29:20Z	2026-10-09T10:32:03Z	163	328.0	8.9	8.97	39.6	16	4	0	
reproduce	2026-10-09T10:52:48Z	2026-10-09T10:53:39Z	51	135.0	9.61	9.63	39.0	16	2	0	
compare_arm2	2026-10-09T11:03:42Z	2026-10-09T11:05:55Z	133	326.0	8.7	8.78	38.8	16	4	0	
assemble_reads	2026-10-09T10:19:27Z	2026-10-09T11:58:23Z	5936	47.0	8.6	9.77	38.8	16	1	130	
assemble_reads	2026-10-09T12:07:28Z	2026-10-09T17:27:06Z	19178	1599.0	8.61	16.04	30.1	16	1	130	
compare_arm3	2026-10-09T19:26:19Z	2026-10-09T19:31:47Z	328	363.0	11.57	11.98	30.3	16	2	0	
compare_arm2	2026-10-09T19:33:04Z	2026-10-09T19:34:42Z	97	326.0	12.04	12.13	30.3	16	4	0	
compare_arm3	2026-10-09T19:34:42Z	2026-10-09T19:35:14Z	31	220.0	12.13	12.17	30.3	16	2	0	
assemble_reads	2026-10-09T17:30:14Z	2026-10-09T19:50:09Z	8395					16	1	stopped	the Linux VM shut down with the session that started the stage; end is the last log line; restarted 2026-10-10T05:45:24Z
