accession	model	gamma	target_n50	rate_per_bp	calibration_mean_n50
GCA_000002515.1	at_weighted	7.675283643313486	1000000	1.051317136135713e-06	995012.1
GCA_000002515.1	at_weighted	7.675283643313486	500000	2.919218589043153e-06	496862.6
GCA_000002515.1	at_weighted	7.675283643313486	200000	8.015335994141174e-06	202306.4
GCA_000002515.1	at_weighted	7.675283643313486	100000	1.6030671988282352e-05	98062.3
GCA_000002515.1	at_weighted	7.675283643313486	50000	3.3599999999999976e-05	49960.6
GCA_000002515.1	at_weighted	7.675283643313486	20000	8.400000000000002e-05	19693.9
GCA_000002515.1	at_weighted	7.675283643313486	10000	0.00016800000000000004	9970.1
GCA_000002515.1	at_weighted	7.675283643313486	5000	0.00033600000000000014	4982.0
GCA_000002515.1	at_weighted_g20	9.98577424517997	50000	3.3599999999999976e-05	49604.8
GCA_000002515.1	at_weighted_g20	9.98577424517997	20000	8.400000000000002e-05	19883.1
GCA_000002515.1	at_weighted_g20	9.98577424517997	10000	0.00016800000000000004	10058.2
GCA_000002515.1	at_weighted_g5	5.364793041447001	50000	3.3599999999999976e-05	49943.3
GCA_000002515.1	at_weighted_g5	5.364793041447001	20000	8.400000000000002e-05	20265.0
GCA_000002515.1	at_weighted_g5	5.364793041447001	10000	0.00016800000000000004	10057.2
GCA_000002515.1	uniform		1000000	1.1017708989361225e-06	987764.1
GCA_000002515.1	uniform		500000	2.5362610626830645e-06	505555.4
GCA_000002515.1	uniform		200000	7.648287035592279e-06	196176.2
GCA_000002515.1	uniform		100000	1.5937016917639934e-05	101971.6
GCA_000002515.1	uniform		50000	3.3599999999999976e-05	49306.8
GCA_000002515.1	uniform		20000	8.400000000000002e-05	20091.8
GCA_000002515.1	uniform		10000	0.00016800000000000004	9889.4
GCA_000002515.1	uniform		5000	0.00033600000000000014	4956.4
GCA_000002545.2	at_weighted	7.675283643313486	1000000	3.7485866904936206e-07	991001.2
GCA_000002545.2	at_weighted	7.675283643313486	500000	2.203541797872245e-06	496724.2
GCA_000002545.2	at_weighted	7.675283643313486	200000	7.829660935820024e-06	198481.8
GCA_000002545.2	at_weighted	7.675283643313486	100000	1.6030671988282352e-05	98133.1
GCA_000002545.2	at_weighted	7.675283643313486	50000	3.3599999999999976e-05	49231.8
GCA_000002545.2	at_weighted	7.675283643313486	20000	8.400000000000002e-05	19843.9
GCA_000002545.2	at_weighted	7.675283643313486	10000	0.00016800000000000004	10016.2
GCA_000002545.2	at_weighted	7.675283643313486	5000	0.00035212497667758873	4961.8
GCA_000002545.2	at_weighted_g20	9.98577424517997	50000	3.3599999999999976e-05	49344.2
GCA_000002545.2	at_weighted_g20	9.98577424517997	20000	8.400000000000002e-05	20137.4
GCA_000002545.2	at_weighted_g20	9.98577424517997	10000	0.00017606248833879434	9921.8
GCA_000002545.2	at_weighted_g5	5.364793041447001	50000	3.282165683832206e-05	50641.8
GCA_000002545.2	at_weighted_g5	5.364793041447001	20000	8.400000000000002e-05	19655.8
GCA_000002545.2	at_weighted_g5	5.364793041447001	10000	0.00016800000000000004	9906.7
GCA_000002545.2	uniform		1000000	2.5763634429947977e-07	1005439.8
GCA_000002545.2	uniform		500000	1.9144702910959015e-06	506299.8
GCA_000002545.2	uniform		200000	7.298046472607876e-06	198358.2
GCA_000002545.2	uniform		100000	1.529657407118456e-05	100547.2
GCA_000002545.2	uniform		50000	3.243927295384733e-05	49818.3
GCA_000002545.2	uniform		20000	8.400000000000002e-05	19759.5
GCA_000002545.2	uniform		10000	0.00016800000000000004	9933.1
GCA_000002545.2	uniform		5000	0.00033600000000000014	4990.4
GCA_000026365.1	at_weighted	7.675283643313486	1000000	9.572351455479505e-07	1003422.2
GCA_000026365.1	at_weighted	7.675283643313486	500000	2.3228627035765107e-06	507212.2
GCA_000026365.1	at_weighted	7.675283643313486	200000	8.015335994141174e-06	199657.1
GCA_000026365.1	at_weighted	7.675283643313486	100000	1.6799999999999988e-05	99256.0
GCA_000026365.1	at_weighted	7.675283643313486	50000	3.2061343976564704e-05	49993.6
GCA_000026365.1	at_weighted	7.675283643313486	20000	8.400000000000002e-05	19834.4
GCA_000026365.1	at_weighted	7.675283643313486	10000	0.00016800000000000004	9919.4
GCA_000026365.1	at_weighted	7.675283643313486	5000	0.00033600000000000014	5008.8
GCA_000026365.1	at_weighted_g20	9.98577424517997	50000	3.282165683832206e-05	50356.8
GCA_000026365.1	at_weighted_g20	9.98577424517997	20000	8.400000000000002e-05	19991.8
GCA_000026365.1	at_weighted_g20	9.98577424517997	10000	0.00016800000000000004	10077.8
GCA_000026365.1	at_weighted_g5	5.364793041447001	50000	3.2061343976564704e-05	49454.8
GCA_000026365.1	at_weighted_g5	5.364793041447001	20000	8.400000000000002e-05	20120.4
GCA_000026365.1	at_weighted_g5	5.364793041447001	10000	0.00016800000000000004	10095.9
GCA_000026365.1	uniform		1000000	7.935758086049046e-07	1016910.2
GCA_000026365.1	uniform		500000	2.7733870387425194e-06	498821.5
GCA_000026365.1	uniform		200000	7.471114657238021e-06	198482.8
GCA_000026365.1	uniform		100000	1.584390900261666e-05	100094.5
GCA_000026365.1	uniform		50000	3.3599999999999976e-05	49471.2
GCA_000026365.1	uniform		20000	8.400000000000002e-05	19827.5
GCA_000026365.1	uniform		10000	0.00016800000000000004	9943.1
GCA_000026365.1	uniform		5000	0.00033600000000000014	4959.8
GCA_000091025.4	at_weighted	7.675283643313486	1000000	7.935758086049046e-07	995345.2
GCA_000091025.4	at_weighted	7.675283643313486	500000	2.721010922589386e-06	500477.0
GCA_000091025.4	at_weighted	7.675283643313486	200000	7.648287035592279e-06	202189.5
GCA_000091025.4	at_weighted	7.675283643313486	100000	1.755474351083893e-05	98995.6
GCA_000091025.4	at_weighted	7.675283643313486	50000	3.521249766775883e-05	49377.8
GCA_000091025.4	at_weighted	7.675283643313486	20000	9.011884496452972e-05	19851.1
GCA_000091025.4	at_weighted	7.675283643313486	10000	0.0001845119035717148	9885.3
GCA_000091025.4	at_weighted	7.675283643313486	5000	0.00038673362941623544	4920.8
GCA_000091025.4	at_weighted_g20	9.98577424517997	50000	3.6902380714342925e-05	50460.0
GCA_000091025.4	at_weighted_g20	9.98577424517997	20000	9.22559517858574e-05	20067.2
GCA_000091025.4	at_weighted_g20	9.98577424517997	10000	0.0001933668147081177	10009.3
GCA_000091025.4	at_weighted_g5	5.364793041447001	50000	3.3599999999999976e-05	49956.2
GCA_000091025.4	at_weighted_g5	5.364793041447001	20000	8.400000000000002e-05	20396.5
GCA_000091025.4	at_weighted_g5	5.364793041447001	10000	0.00016800000000000004	10196.1
GCA_000091025.4	uniform		1000000	7.935758086049046e-07	989154.8
GCA_000091025.4	uniform		500000	2.785537837086145e-06	506954.0
GCA_000091025.4	uniform		200000	7.648287035592279e-06	197622.0
GCA_000091025.4	uniform		100000	1.6799999999999988e-05	98581.2
GCA_000091025.4	uniform		50000	3.521249766775883e-05	49188.6
GCA_000091025.4	uniform		20000	8.400000000000002e-05	19843.9
GCA_000091025.4	uniform		10000	0.00016800000000000004	10123.8
GCA_000091025.4	uniform		5000	0.00033600000000000014	4957.5
GCA_000142805.1	at_weighted	7.675283643313486	1000000	7.935758086049046e-07	991923.0
GCA_000142805.1	at_weighted	7.675283643313486	500000	2.785537837086145e-06	503241.5
GCA_000142805.1	at_weighted	7.675283643313486	200000	8.205414209580514e-06	202143.5
GCA_000142805.1	at_weighted	7.675283643313486	100000	1.6799999999999988e-05	98066.8
GCA_000142805.1	at_weighted	7.675283643313486	50000	3.43968010378392e-05	49635.7
GCA_000142805.1	at_weighted	7.675283643313486	20000	8.400000000000002e-05	20320.1
GCA_000142805.1	at_weighted	7.675283643313486	10000	0.00017606248833879434	9895.6
GCA_000142805.1	at_weighted	7.675283643313486	5000	0.00035212497667758873	5006.6
GCA_000142805.1	at_weighted_g20	9.98577424517997	50000	3.340370065734701e-05	50746.8
GCA_000142805.1	at_weighted_g20	9.98577424517997	20000	8.803124416939717e-05	19698.4
GCA_000142805.1	at_weighted_g20	9.98577424517997	10000	0.00018023768992905947	9824.3
GCA_000142805.1	at_weighted_g5	5.364793041447001	50000	3.3599999999999976e-05	49903.1
GCA_000142805.1	at_weighted_g5	5.364793041447001	20000	8.400000000000002e-05	20286.8
GCA_000142805.1	at_weighted_g5	5.364793041447001	10000	0.00016800000000000004	10126.8
GCA_000142805.1	uniform		1000000	5.454161451620275e-07	1006375.8
GCA_000142805.1	uniform		500000	2.3640552578013086e-06	507111.0
GCA_000142805.1	uniform		200000	7.298046472607876e-06	200810.1
GCA_000142805.1	uniform		100000	1.6799999999999988e-05	99774.5
GCA_000142805.1	uniform		50000	3.3014535756985426e-05	49934.1
GCA_000142805.1	uniform		20000	8.400000000000002e-05	20065.0
GCA_000142805.1	uniform		10000	0.00016800000000000004	10094.2
GCA_000142805.1	uniform		5000	0.00033600000000000014	4983.3
GCA_000146045.2	at_weighted	7.675283643313486	1000000	0.0	924431.0
GCA_000146045.2	at_weighted	7.675283643313486	500000	2.203541797872245e-06	500827.1
GCA_000146045.2	at_weighted	7.675283643313486	200000	6.644946931142481e-06	199902.7
GCA_000146045.2	at_weighted	7.675283643313486	100000	1.529657407118456e-05	98473.6
GCA_000146045.2	at_weighted	7.675283643313486	50000	3.2061343976564704e-05	50038.1
GCA_000146045.2	at_weighted	7.675283643313486	20000	8.400000000000002e-05	20081.4
GCA_000146045.2	at_weighted	7.675283643313486	10000	0.00016800000000000004	10008.9
GCA_000146045.2	at_weighted	7.675283643313486	5000	0.00033600000000000014	5027.1
GCA_000146045.2	at_weighted_g20	9.98577424517997	50000	3.3599999999999976e-05	49941.4
GCA_000146045.2	at_weighted_g20	9.98577424517997	20000	8.400000000000002e-05	19929.9
GCA_000146045.2	at_weighted_g20	9.98577424517997	10000	0.00016800000000000004	10104.8
GCA_000146045.2	at_weighted_g5	5.364793041447001	50000	3.2061343976564704e-05	50247.6
GCA_000146045.2	at_weighted_g5	5.364793041447001	20000	8.205414209580523e-05	19895.5
GCA_000146045.2	at_weighted_g5	5.364793041447001	10000	0.00016800000000000004	9962.6
GCA_000146045.2	uniform		1000000	0.0	924431.0
GCA_000146045.2	uniform		500000	1.9144702910959015e-06	491674.7
GCA_000146045.2	uniform		200000	6.963844592715357e-06	200035.2
GCA_000146045.2	uniform		100000	1.5659321871640052e-05	98874.4
GCA_000146045.2	uniform		50000	3.2061343976564704e-05	49730.2
GCA_000146045.2	uniform		20000	8.400000000000002e-05	19632.1
GCA_000146045.2	uniform		10000	0.00016800000000000004	9949.2
GCA_000146045.2	uniform		5000	0.00033600000000000014	4933.5
GCA_000243375.1	at_weighted	7.675283643313486	1000000	0.0	312204.0
GCA_000243375.1	at_weighted	7.675283643313486	500000	0.0	312204.0
GCA_000243375.1	at_weighted	7.675283643313486	200000	3.96787904302452e-06	202327.1
GCA_000243375.1	at_weighted	7.675283643313486	100000	1.2830788527569123e-05	101490.7
GCA_000243375.1	at_weighted	7.675283643313486	50000	2.785537837086143e-05	50915.4
GCA_000243375.1	at_weighted	7.675283643313486	20000	8.015335994141183e-05	19898.1
GCA_000243375.1	at_weighted	7.675283643313486	10000	0.0001603067198828237	10175.8
GCA_000243375.1	at_weighted	7.675283643313486	5000	0.00033600000000000014	4935.5
GCA_000243375.1	at_weighted_g20	9.98577424517997	50000	3.059314814236912e-05	49420.7
GCA_000243375.1	at_weighted_g20	9.98577424517997	20000	7.829660935820033e-05	20089.5
GCA_000243375.1	at_weighted_g20	9.98577424517997	10000	0.0001603067198828237	10178.0
GCA_000243375.1	at_weighted_g5	5.364793041447001	50000	2.785537837086143e-05	50565.3
GCA_000243375.1	at_weighted_g5	5.364793041447001	20000	7.829660935820033e-05	20213.1
GCA_000243375.1	at_weighted_g5	5.364793041447001	10000	0.0001603067198828237	10097.6
GCA_000243375.1	uniform		1000000	0.0	312204.0
GCA_000243375.1	uniform		500000	0.0	312204.0
GCA_000243375.1	uniform		200000	3.6127949813765195e-06	201426.0
GCA_000243375.1	uniform		100000	1.2681305313415313e-05	98836.7
GCA_000243375.1	uniform		50000	2.785537837086143e-05	50247.3
GCA_000243375.1	uniform		20000	8.015335994141183e-05	19606.8
GCA_000243375.1	uniform		10000	0.00016219636476923682	9951.8
GCA_000243375.1	uniform		5000	0.00033600000000000014	4973.6
GCA_000304475.1	at_weighted	7.675283643313486	1000000	0.0	925516.0
GCA_000304475.1	at_weighted	7.675283643313486	500000	1.3157949056340446e-06	503204.8
GCA_000304475.1	at_weighted	7.675283643313486	200000	6.340652656707656e-06	196705.5
GCA_000304475.1	at_weighted	7.675283643313486	100000	1.4596092945215754e-05	99953.9
GCA_000304475.1	at_weighted	7.675283643313486	50000	3.1318643743280105e-05	49383.2
GCA_000304475.1	at_weighted	7.675283643313486	20000	8.205414209580523e-05	19950.2
GCA_000304475.1	at_weighted	7.675283643313486	10000	0.00016800000000000004	9874.0
GCA_000304475.1	at_weighted	7.675283643313486	5000	0.00033600000000000014	5007.8
GCA_000304475.1	at_weighted_g20	9.98577424517997	50000	3.2061343976564704e-05	49168.7
GCA_000304475.1	at_weighted_g20	9.98577424517997	20000	8.015335994141183e-05	19952.4
GCA_000304475.1	at_weighted_g20	9.98577424517997	10000	0.00016800000000000004	10043.9
GCA_000304475.1	at_weighted_g5	5.364793041447001	50000	3.1318643743280105e-05	49620.8
GCA_000304475.1	at_weighted_g5	5.364793041447001	20000	8.015335994141183e-05	20246.2
GCA_000304475.1	at_weighted_g5	5.364793041447001	10000	0.0001603067198828237	10151.5
GCA_000304475.1	uniform		1000000	0.0	925516.0
GCA_000304475.1	uniform		500000	1.6247898331562672e-06	503140.6
GCA_000304475.1	uniform		200000	6.050293031625689e-06	196624.4
GCA_000304475.1	uniform		100000	1.503003844144343e-05	101683.1
GCA_000304475.1	uniform		50000	3.1318643743280105e-05	50233.5
GCA_000304475.1	uniform		20000	8.205414209580523e-05	19685.6
GCA_000304475.1	uniform		10000	0.00016800000000000004	9972.9
GCA_000304475.1	uniform		5000	0.00033600000000000014	4943.1
GCA_000348985.1	at_weighted	7.675283643313486	1000000	0.0	196811.0
GCA_000348985.1	at_weighted	7.675283643313486	500000	0.0	196811.0
GCA_000348985.1	at_weighted	7.675283643313486	200000	0.0	196811.0
GCA_000348985.1	at_weighted	7.675283643313486	100000	7.93575808604904e-06	99347.8
GCA_000348985.1	at_weighted	7.675283643313486	50000	2.536261062683063e-05	49298.0
GCA_000348985.1	at_weighted	7.675283643313486	20000	7.648287035592289e-05	19958.8
GCA_000348985.1	at_weighted	7.675283643313486	10000	0.00016410828419161048	9855.7
GCA_000348985.1	at_weighted	7.675283643313486	5000	0.00034396801037839237	4981.7
GCA_000348985.1	at_weighted_g20	9.98577424517997	50000	2.536261062683063e-05	49414.5
GCA_000348985.1	at_weighted_g20	9.98577424517997	20000	7.648287035592289e-05	19673.5
GCA_000348985.1	at_weighted_g20	9.98577424517997	10000	0.00016800000000000004	9898.2
GCA_000348985.1	at_weighted_g5	5.364793041447001	50000	2.420117212650276e-05	50382.4
GCA_000348985.1	at_weighted_g5	5.364793041447001	20000	7.648287035592289e-05	19732.4
GCA_000348985.1	at_weighted_g5	5.364793041447001	10000	0.0001603067198828237	9946.8
GCA_000348985.1	uniform		1000000	0.0	196811.0
GCA_000348985.1	uniform		500000	0.0	196811.0
GCA_000348985.1	uniform		200000	0.0	196811.0
GCA_000348985.1	uniform		100000	7.93575808604904e-06	100188.0
GCA_000348985.1	uniform		50000	2.309291976737665e-05	50042.7
GCA_000348985.1	uniform		20000	7.298046472607884e-05	20331.2
GCA_000348985.1	uniform		10000	0.00015296574071184578	10139.8
GCA_000348985.1	uniform		5000	0.00032821656838322096	4999.9
GCA_000412225.2	at_weighted	7.675283643313486	1000000	6.578974528170222e-07	990680.1
GCA_000412225.2	at_weighted	7.675283643313486	500000	3.284155903778351e-06	453098.1
GCA_000412225.2	at_weighted	7.675283643313486	200000	7.648287035592279e-06	196035.9
GCA_000412225.2	at_weighted	7.675283643313486	100000	1.7606248833879416e-05	100473.3
GCA_000412225.2	at_weighted	7.675283643313486	50000	3.43968010378392e-05	50732.2
GCA_000412225.2	at_weighted	7.675283643313486	20000	9.011884496452972e-05	19962.3
GCA_000412225.2	at_weighted	7.675283643313486	10000	0.00017606248833879434	10110.0
GCA_000412225.2	at_weighted	7.675283643313486	5000	0.0003777749545398364	4980.8
GCA_000412225.2	at_weighted_g20	9.98577424517997	50000	3.702420786795851e-05	49933.1
GCA_000412225.2	at_weighted_g20	9.98577424517997	20000	9.668340735405885e-05	20069.2
GCA_000412225.2	at_weighted_g20	9.98577424517997	10000	0.00019795237657249548	10044.0
GCA_000412225.2	at_weighted_g5	5.364793041447001	50000	3.3599999999999976e-05	49884.5
GCA_000412225.2	at_weighted_g5	5.364793041447001	20000	8.400000000000002e-05	20383.7
GCA_000412225.2	at_weighted_g5	5.364793041447001	10000	0.00017198400518919619	9868.0
GCA_000412225.2	uniform		1000000	6.578974528170222e-07	1011540.2
GCA_000412225.2	uniform		500000	2.477508638445882e-06	509613.7
GCA_000412225.2	uniform		200000	7.298046472607876e-06	203913.4
GCA_000412225.2	uniform		100000	1.6030671988282352e-05	98465.5
GCA_000412225.2	uniform		50000	3.2061343976564704e-05	50297.1
GCA_000412225.2	uniform		20000	8.400000000000002e-05	19899.1
GCA_000412225.2	uniform		10000	0.00016800000000000004	9815.4
GCA_000412225.2	uniform		5000	0.00033600000000000014	4970.9
