accession	size	edits	called	called_fraction	called_ci_low	called_ci_high	correct_length	correct_length_fraction	correct_length_ci_low	correct_length_ci_high	interval
GCA_000091025.4	-10	7	7	1.0	0.5903836027749966	1.0	7	1.0	0.5903836027749966	1.0	Clopper-Pearson over centromeres, within genome
GCA_000091025.4	-5	7	7	1.0	0.5903836027749966	1.0	7	1.0	0.5903836027749966	1.0	Clopper-Pearson over centromeres, within genome
GCA_000091025.4	5	7	7	1.0	0.5903836027749966	1.0	7	1.0	0.5903836027749966	1.0	Clopper-Pearson over centromeres, within genome
GCA_000091025.4	10	7	7	1.0	0.5903836027749966	1.0	7	1.0	0.5903836027749966	1.0	Clopper-Pearson over centromeres, within genome
GCA_000091025.4	15	7	7	1.0	0.5903836027749966	1.0	7	1.0	0.5903836027749966	1.0	Clopper-Pearson over centromeres, within genome
GCA_000091025.4	20	7	7	1.0	0.5903836027749966	1.0	7	1.0	0.5903836027749966	1.0	Clopper-Pearson over centromeres, within genome
GCA_000091025.4	30	7	3	0.42857142857142855	0.09898827844250786	0.8159484323599169	2	0.2857142857142857	0.03669256617608555	0.7095791362626572	Clopper-Pearson over centromeres, within genome
GCA_000091025.4	40	7	1	0.14285714285714285	0.0036102968619005833	0.5787231970431952	0	0.0	0.0	0.40961639722500337	Clopper-Pearson over centromeres, within genome
GCA_000146045.2	-10	16	16	1.0	0.7940927857921772	1.0	16	1.0	0.7940927857921772	1.0	Clopper-Pearson over centromeres, within genome
GCA_000146045.2	-5	16	16	1.0	0.7940927857921772	1.0	16	1.0	0.7940927857921772	1.0	Clopper-Pearson over centromeres, within genome
GCA_000146045.2	5	16	16	1.0	0.7940927857921772	1.0	16	1.0	0.7940927857921772	1.0	Clopper-Pearson over centromeres, within genome
GCA_000146045.2	10	16	15	0.9375	0.697679261565468	0.9984188882772341	15	0.9375	0.697679261565468	0.9984188882772341	Clopper-Pearson over centromeres, within genome
GCA_000146045.2	15	16	15	0.9375	0.697679261565468	0.9984188882772341	15	0.9375	0.697679261565468	0.9984188882772341	Clopper-Pearson over centromeres, within genome
GCA_000146045.2	20	16	16	1.0	0.7940927857921772	1.0	16	1.0	0.7940927857921772	1.0	Clopper-Pearson over centromeres, within genome
GCA_000146045.2	30	16	7	0.4375	0.19753414053266788	0.7012231009168222	7	0.4375	0.19753414053266788	0.7012231009168222	Clopper-Pearson over centromeres, within genome
GCA_000146045.2	40	16	0	0.0	0.0	0.2059072142078227	0	0.0	0.0	0.2059072142078227	Clopper-Pearson over centromeres, within genome
GCA_000304475.1	-10	12	12	1.0	0.7353515306029488	1.0	12	1.0	0.7353515306029488	1.0	Clopper-Pearson over centromeres, within genome
GCA_000304475.1	-5	12	12	1.0	0.7353515306029488	1.0	12	1.0	0.7353515306029488	1.0	Clopper-Pearson over centromeres, within genome
GCA_000304475.1	5	12	12	1.0	0.7353515306029488	1.0	12	1.0	0.7353515306029488	1.0	Clopper-Pearson over centromeres, within genome
GCA_000304475.1	10	12	12	1.0	0.7353515306029488	1.0	12	1.0	0.7353515306029488	1.0	Clopper-Pearson over centromeres, within genome
GCA_000304475.1	15	12	11	0.9166666666666666	0.6152038348490559	0.9978924067681397	11	0.9166666666666666	0.6152038348490559	0.9978924067681397	Clopper-Pearson over centromeres, within genome
GCA_000304475.1	20	12	12	1.0	0.7353515306029488	1.0	12	1.0	0.7353515306029488	1.0	Clopper-Pearson over centromeres, within genome
GCA_000304475.1	30	12	5	0.4166666666666667	0.15165222980843013	0.7233303143178942	4	0.3333333333333333	0.09924609114958328	0.6511244935811844	Clopper-Pearson over centromeres, within genome
GCA_000304475.1	40	12	2	0.16666666666666666	0.020862525460092384	0.48413774868596704	0	0.0	0.0	0.2646484693970512	Clopper-Pearson over centromeres, within genome
pooled	-10	35	35	1.0	1.0	1.0	35	1.0	1.0	1.0	percentile bootstrap over 3 genomes, 10000 resamples, seed 20261009; rough with three units
pooled	-5	35	35	1.0	1.0	1.0	35	1.0	1.0	1.0	percentile bootstrap over 3 genomes, 10000 resamples, seed 20261009; rough with three units
pooled	5	35	35	1.0	1.0	1.0	35	1.0	1.0	1.0	percentile bootstrap over 3 genomes, 10000 resamples, seed 20261009; rough with three units
pooled	10	35	34	0.9714285714285714	0.9375	1.0	34	0.9714285714285714	0.9375	1.0	percentile bootstrap over 3 genomes, 10000 resamples, seed 20261009; rough with three units
pooled	15	35	33	0.9428571428571428	0.9166666666666666	1.0	33	0.9428571428571428	0.9166666666666666	1.0	percentile bootstrap over 3 genomes, 10000 resamples, seed 20261009; rough with three units
pooled	20	35	35	1.0	1.0	1.0	35	1.0	1.0	1.0	percentile bootstrap over 3 genomes, 10000 resamples, seed 20261009; rough with three units
pooled	30	35	15	0.42857142857142855	0.4166666666666667	0.4375	13	0.37142857142857144	0.2857142857142857	0.4375	percentile bootstrap over 3 genomes, 10000 resamples, seed 20261009; rough with three units
pooled	40	35	3	0.08571428571428572	0.0	0.16666666666666666	0	0.0	0.0	0.0	percentile bootstrap over 3 genomes, 10000 resamples, seed 20261009; rough with three units
