model	target_n50	unfragmented_fate	gained_calls
at_weighted	5000	not_best_on_contig	30
at_weighted	10000	not_best_on_contig	37
at_weighted	20000	not_best_on_contig	35
at_weighted	50000	not_best_on_contig	32
at_weighted	100000	not_best_on_contig	26
at_weighted	200000	not_best_on_contig	26
at_weighted	500000	not_best_on_contig	8
uniform	5000	not_best_on_contig	36
uniform	10000	not_best_on_contig	36
uniform	20000	not_best_on_contig	33
uniform	50000	not_best_on_contig	32
uniform	100000	not_best_on_contig	27
uniform	200000	not_best_on_contig	23
uniform	500000	not_best_on_contig	10
