run_id	k	replicate	status	total_calls	edited_called	edited_correct_length	unedited	unedited_unchanged	median_top5_cdeii_len	final_median_cdeii_len
GCA_000146045.2_progressive_k01_r1	1	1	ok	16	1	1	15	15	85.0	85.0
GCA_000146045.2_progressive_k01_r2	1	2	ok	16	1	1	15	15	85.0	85.0
GCA_000146045.2_progressive_k01_r3	1	3	ok	16	1	1	15	15	85.0	85.0
GCA_000146045.2_progressive_k01_r4	1	4	ok	16	1	1	15	15	86.0	85.0
GCA_000146045.2_progressive_k01_r5	1	5	ok	16	1	1	15	15	85.0	85.0
GCA_000146045.2_progressive_k02_r1	2	1	ok	16	2	2	14	14	86.0	85.0
GCA_000146045.2_progressive_k02_r2	2	2	ok	16	2	2	14	14	85.0	85.0
GCA_000146045.2_progressive_k02_r3	2	3	ok	16	2	2	14	14	85.0	85.0
GCA_000146045.2_progressive_k02_r4	2	4	ok	16	2	2	14	14	86.0	85.0
GCA_000146045.2_progressive_k02_r5	2	5	ok	16	2	2	14	14	85.0	85.0
GCA_000146045.2_progressive_k04_r1	4	1	ok	16	4	4	12	12	86.0	86.0
GCA_000146045.2_progressive_k04_r2	4	2	ok	15	3	3	12	12	85.0	85.5
GCA_000146045.2_progressive_k04_r3	4	3	ok	16	4	4	12	12	94.0	86.0
GCA_000146045.2_progressive_k04_r4	4	4	ok	16	4	4	12	12	85.0	85.5
GCA_000146045.2_progressive_k04_r5	4	5	ok	16	4	4	12	12	87.0	85.5
GCA_000146045.2_progressive_k08_r1	8	1	ok	16	8	8	8	8	86.0	90.0
GCA_000146045.2_progressive_k08_r2	8	2	ok	16	8	8	8	8	85.0	90.0
GCA_000146045.2_progressive_k08_r3	8	3	ok	16	8	8	8	8	87.0	87.5
GCA_000146045.2_progressive_k08_r4	8	4	ok	16	8	8	8	8	95.0	90.5
GCA_000146045.2_progressive_k08_r5	8	5	ok	16	8	8	8	8	86.0	87.5
GCA_000146045.2_progressive_k12_r1	12	1	ok	16	12	12	4	4	95.0	95.0
GCA_000146045.2_progressive_k12_r2	12	2	ok	16	12	12	4	4	94.0	94.0
GCA_000146045.2_progressive_k12_r3	12	3	ok	16	12	12	4	4	95.0	94.5
GCA_000146045.2_progressive_k12_r4	12	4	ok	16	12	12	4	4	95.0	94.5
GCA_000146045.2_progressive_k12_r5	12	5	ok	16	12	12	4	4	94.0	94.5
GCA_000146045.2_progressive_k16_r1	16	1	ok	16	16	16	0	0	95.0	95.0
GCA_000146045.2_progressive_k16_r2	16	2	ok	16	16	16	0	0	95.0	95.0
GCA_000146045.2_progressive_k16_r3	16	3	ok	16	16	16	0	0	95.0	95.0
GCA_000146045.2_progressive_k16_r4	16	4	ok	16	16	16	0	0	95.0	95.0
GCA_000146045.2_progressive_k16_r5	16	5	ok	16	16	16	0	0	96.0	95.0
