model	target_n50	genomes	replicates	realised_n50_median	recall_median	recall_q25	recall_q75	mean_genome_recall	mean_genome_recall_ci_low	mean_genome_recall_ci_high	geometric_expectation_mean	geometric_expectation_ci_low	geometric_expectation_ci_high	synteny_checkable_median	lost_geometric_total	lost_pipeline_total	gained_total	interval
at_weighted	5000	10	100	4991.5	0.8461538461538461	0.7142857142857143	0.9166666666666666	0.7861950549450549	0.6957142857142857	0.8605494505494505	0.7854258241758242	0.6955477335164836	0.8597802197802198	0.0	186	0	30	percentile bootstrap over genomes, 10000 resamples, seed 20261009
at_weighted	10000	10	100	9997.5	0.8958333333333333	0.8333333333333334	1.0	0.8653250915750916	0.7968131868131868	0.9241485805860806	0.8653250915750916	0.7968131868131868	0.9241485805860806	0.0	112	0	37	percentile bootstrap over genomes, 10000 resamples, seed 20261009
at_weighted	20000	10	100	20026.5	1.0	0.8705357142857143	1.0	0.9383928571428571	0.9103565705128206	0.9628571428571429	0.9383928571428571	0.9103565705128206	0.9628571428571429	0.125	54	0	35	percentile bootstrap over genomes, 10000 resamples, seed 20261009
at_weighted	50000	10	100	50741.0	1.0	1.0	1.0	0.9725984432234431	0.9519047619047619	0.9891346153846154	0.9725984432234431	0.9519047619047619	0.9891346153846154	0.4375	22	0	32	percentile bootstrap over genomes, 10000 resamples, seed 20261009
at_weighted	100000	10	100	96709.5	1.0	1.0	1.0	0.9874244505494506	0.9814560439560441	0.9929945054945055	0.9874244505494506	0.9814560439560441	0.9929945054945055	0.6875	11	0	26	percentile bootstrap over genomes, 10000 resamples, seed 20261009
at_weighted	200000	10	100	196811.0	1.0	1.0	1.0	0.9940178571428572	0.9877380952380953	0.99875	0.9940178571428572	0.9877380952380953	0.99875	0.8571428571428571	5	0	26	percentile bootstrap over genomes, 10000 resamples, seed 20261009
at_weighted	500000	10	100	465335.5	1.0	1.0	1.0	0.9979464285714286	0.9950892857142858	1.0	0.9979464285714286	0.9950892857142858	1.0	1.0	2	0	8	percentile bootstrap over genomes, 10000 resamples, seed 20261009
at_weighted	1000000	10	100	924431.0	1.0	1.0	1.0	1.0	1.0	1.0	1.0	1.0	1.0	1.0	0	0	0	percentile bootstrap over genomes, 10000 resamples, seed 20261009
uniform	5000	10	100	4931.5	0.9375	0.8571428571428571	1.0	0.9259065934065933	0.9012271062271063	0.9463241758241758	0.9259065934065933	0.9012271062271063	0.9463241758241758	0.0	65	0	36	percentile bootstrap over genomes, 10000 resamples, seed 20261009
uniform	10000	10	100	9918.5	1.0	0.984375	1.0	0.9669619963369964	0.951923076923077	0.9802564102564103	0.9661286630036632	0.9515453296703298	0.9789081387362637	0.0	30	0	36	percentile bootstrap over genomes, 10000 resamples, seed 20261009
uniform	20000	10	100	19718.0	1.0	1.0	1.0	0.9785645604395604	0.9724107142857144	0.9845581501831502	0.9785645604395604	0.9724107142857144	0.9845581501831502	0.16666666666666666	21	0	33	percentile bootstrap over genomes, 10000 resamples, seed 20261009
uniform	50000	10	100	49167.0	1.0	1.0	1.0	0.9957486263736264	0.9921222527472529	0.9992307692307693	0.9957486263736264	0.9921222527472529	0.9992307692307693	0.5	4	0	32	percentile bootstrap over genomes, 10000 resamples, seed 20261009
uniform	100000	10	100	95965.5	1.0	1.0	1.0	0.9927678571428571	0.987232142857143	0.9974999999999999	0.9927678571428571	0.987232142857143	0.9974999999999999	0.75	6	0	27	percentile bootstrap over genomes, 10000 resamples, seed 20261009
uniform	200000	10	100	200595.0	1.0	1.0	1.0	1.0	1.0	1.0	1.0	1.0	1.0	0.875	0	0	23	percentile bootstrap over genomes, 10000 resamples, seed 20261009
uniform	500000	10	100	486090.0	1.0	1.0	1.0	1.0	1.0	1.0	1.0	1.0	1.0	1.0	0	0	10	percentile bootstrap over genomes, 10000 resamples, seed 20261009
uniform	1000000	10	100	924431.0	1.0	1.0	1.0	1.0	1.0	1.0	1.0	1.0	1.0	1.0	0	0	0	percentile bootstrap over genomes, 10000 resamples, seed 20261009
