strain	breakpoints	contig_ends_not_located	mean_at_at_breakpoints	genome_at
AAB	321	11	0.6211588785046729	0.6164326565227138
AAC	703	31	0.6262617354196303	0.6163389651855641
AAR	350	19	0.6193428571428571	0.616762196219169
ABA	332	17	0.6230180722891566	0.616674967465027
ABH	321	27	0.6229096573208723	0.6166092664681957
ACA	318	14	0.6242767295597484	0.6155794439487771
ACH	324	18	0.6228456790123457	0.6165259031060254
ADE	246	13	0.615308943089431	0.6167205969866931
ADI	237	14	0.6116540084388186	0.6114779916419364
ADM	891	66	0.621016787257922	0.6157821292216639
ADQ	241	14	0.6107800829875519	0.6165107130639114
ADS	245	15	0.6120081632653062	0.6167344723026136
AEG	413	31	0.6252493946731235	0.6165914976401277
AEH	292	20	0.623931506849315	0.6162701766598091
AEL	815	58	0.6267754601226994	0.6164803004709388
AFH	320	12	0.631025	0.6170325408545128
AFI	284	9	0.6200140845070423	0.6164332615519734
AGK	261	17	0.6222145593869731	0.6160382882107176
AHG	227	20	0.6215947136563876	0.6162669464072299
AHL	259	12	0.6227722007722007	0.6164339309867252
AIC	277	19	0.6261083032490975	0.6167437484879585
AIE	254	11	0.6273858267716536	0.6168867171651125
AIF	311	24	0.6191704180064309	0.6163103712948219
AIG	290	19	0.625248275862069	0.6169366748162632
AKR	371	19	0.6216495956873316	0.6165080389597857
ALI	688	50	0.6281308139534884	0.6163879995949586
ANE	301	29	0.6117076411960134	0.6165175630991482
ANL	1037	45	0.6237589199614272	0.6150696629560556
ANM	1010	60	0.6247524752475248	0.6148232787638587
APG	333	17	0.6227627627627628	0.6162056064113721
ASB	791	66	0.6214159292035398	0.6166047547646243
ASG	278	17	0.6179712230215827	0.6163730245510625
ASN	768	74	0.6247849392361111	0.615935102237495
ATV	1463	65	0.6230498974709501	0.6160035384171737
AVB	251	17	0.6226533864541832	0.6166063160094835
AVN	840	35	0.622252380952381	0.6151553087535425
BAD	671	39	0.6248792846497765	0.6156903023349656
BAF	717	49	0.6209818688981869	0.616208155650076
BAH	373	29	0.6362412868632707	0.617234286128597
BAM	454	27	0.6356167400881058	0.6178387492112942
BBF	836	47	0.6255287081339713	0.6152471769167037
BBL	311	20	0.6275691318327974	0.6170731359099202
BBT	1718	72	0.6271152502910361	0.616162483501397
BCN	322	23	0.6257142857142858	0.6166977193171186
BEM	657	30	0.62317199391172	0.6156246178690097
BFH	670	50	0.6312805970149253	0.616351160764589
BHH	326	20	0.629558282208589	0.61686593665799
BMB	276	14	0.6270797101449276	0.6171024437025241
BPG	231	54	0.6193246753246754	0.616272308183097
BPK	225	19	0.6214311111111112	0.6169957270919465
BTE	2076	136	0.6252263969171484	0.6155760035791228
CBK	346	23	0.6322947976878612	0.6160814112542685
CBM	1276	111	0.6229888691521729	0.6155955744006458
CCN	221	26	0.6194117647058824	0.6165661287725268
CDA	267	21	0.6307415730337078	0.6161997244410843
CFA	258	20	0.6340852713178294	0.6163185420091576
CFC	1558	111	0.6253042362002568	0.6166250484212955
CFF	651	62	0.6229810831621183	0.6153978216543654
CFS	211	19	0.619962085308057	0.6162668689855287
CIC	728	54	0.6290767952977255	0.6161731867844901
CIH	757	60	0.624998678996037	0.6171667338915292
CKB	210	15	0.6179142857142857	0.6164972615388176
CLL	265	22	0.628845283018868	0.6171136930486286
CLN	258	14	0.6259147286821705	0.6162232947099777
CMF	242	22	0.6136446280991736	0.6163544878801643
CNT	682	64	0.6254574780058652	0.6151051102502589
CPS	647	36	0.6289984544049458	0.6158050311594236
CRE	1479	87	0.6259269776876268	0.6165355263289454
CRL	209	13	0.6150334928229664	0.6163468614036477
