strain	isolate_name	long_read_accession	long_calls	short_calls	zygosity	ploidy
AAB	CBS422a	GCA_949124225.1	16	16	homozygous	1
AAC	CBS2165a	GCA_949124335.1	16	18	heterozygous	2
AAR	CLIB382_1b	GCA_949124305.1	16	16	homozygous	1
ABA	YJM326_b	GCA_949124355.1	16	16	homozygous	1
ABH	YJM454_1b	GCA_949124325.1	16	16	homozygous	1
ACA	EM93_3	GCA_949124315.1	16	17	homozygous	1
ACH	CLIB483_1b	GCA_949124295.1	16	16	homozygous	1
ADE	PW5_b	GCA_949124235.1	16	16	homozygous	1
ADI	YJM981_b	GCA_949124275.1	16	16	homozygous	1
ADM	CLIB324_2	GCA_949124375.1	16	16	heterozygous	2
ADQ	K12_2	GCA_949124215.1	16	16	homozygous	1
ADS	T73_1b	GCA_949124145.1	16	16	homozygous	2
AEG	CBS7962	GCA_949124055.1	16	16	homozygous	1
AEH	CBS7964	GCA_949124265.1	16	16	homozygous	1
AEL	CBS1394	GCA_949124135.1	16	18	heterozygous	2
AFH	CBS1509	GCA_949124075.1	16	16	homozygous	1
AFI	CBS2183	GCA_949124405.1	16	16	homozygous	1
AGK	CBS2361	GCA_949124045.1	16	17	homozygous	1
AHG	CBS1586	GCA_949124395.1	16	16	homozygous	1
AHL	CBS3081	GCA_949124345.1	16	16	homozygous	1
AIC	CBS2807	GCA_949124365.1	16	16	homozygous	1
AIE	CBS2910	GCA_949124095.1	16	16	homozygous	1
AIF	CBS457	GCA_949124435.1	16	16	heterozygous	2
AIG	CBS1463	GCA_949124105.1	16	16	homozygous	1
AKR	CLQCA_05-006	GCA_949124165.1	16	16	heterozygous	2
ALI	CLQCA_20-060	GCA_949124195.1	16	16	heterozygous	2
ANE	YPS134	GCA_949124185.1	16	16	homozygous	2
ANL	A-6	GCA_949124415.1	16	29	heterozygous	4
ANM	A-18	GCA_949124205.1	16	26	heterozygous	4
APG	VF8_(6)	GCA_949124575.1	16	16	homozygous	1
ASB	CBS4255	GCA_949122135.1	16	18	heterozygous	2
ASG	CBS1489	GCA_949124595.1	16	16	homozygous	2
ASN	CLIB630	GCA_949124585.1	16	17	heterozygous	2
ATV	CECT1462	GCA_949124625.1	16	22	heterozygous	4
AVB	CECT10266	GCA_949124775.1	16	16	homozygous	1
AVN	CH02	GCA_949124485.1	16	17	heterozygous	4
BAD	DJ71	GCA_949125245.1	16	16	heterozygous	3
BAF	DJ74	GCA_949124855.1	17	16	heterozygous	2
BAH	SX3	GCA_949124635.1	16	16	homozygous	2
BAM	HN10	GCA_949124505.1	16	16	homozygous	2
BBF	CCY_21-4-102	GCA_949124735.1	16	17	heterozygous	2
BBL	IMB-53	GCA_949124645.1	16	16	homozygous	2
BBT	2281	GCA_949124495.1	15	24	heterozygous	3
BCN	HE015	GCA_949124525.1	16	17	homozygous	1
BEM	CLIB653	GCA_949124795.1	16	19	heterozygous	4
BFH	EXF-5871	GCA_949124705.1	16	16	heterozygous	2
BHH	CLIB1071	GCA_949124695.1	16	16	homozygous	2
BMB	UWOPS03-433.3	GCA_949124605.1	16	16	homozygous	2
BPG	DBVPG1841	GCA_949124845.1	16	16	homozygous	2
BPK	DBVPG1861	GCA_949124965.1	16	16	heterozygous	2
BTE	YS8(E)	GCA_949124925.1	16	28	heterozygous	4
CBK	1	GCA_949125905.1	16	16	homozygous	1
CBM	3	GCA_949125735.1	16	16	heterozygous	2
CCN	VKM_Y-504:S	GCA_949125475.1	16	16	homozygous	2
CDA	S8BM-32-4D(a)	GCA_949125565.1	16	15	homozygous	1
CFA	Dji2-2A(a)	GCA_949124865.1	16	15	homozygous	2
CFC	4.5_WLP530	GCA_949125035.1	16	21	heterozygous	4
CFF	6.2_WLP570	GCA_949125025.1	16	17	heterozygous	2
CFS	UCD_40-255	GCA_949125725.1	16	16	homozygous	4
CIC	Ponton 11	GCA_949124945.1	16	18	heterozygous	2
CIH	PB12	GCA_949125675.1	16	17	heterozygous	2
CKB	malade 98 1655/125391	GCA_949125415.1	16	16	heterozygous	2
CLL	K10	GCA_949125335.1	15	16	heterozygous	2
CLN	K14	GCA_949124915.1	16	16	homozygous	2
CMF	RIB6001	GCA_949125345.1	16	16	heterozygous	2
CNT	RP11.4.11	GCA_949126085.1	16	16	heterozygous	2
CPS	FTPW4	GCA_949125785.1	16	14	heterozygous	3
CRE	CLQCA_17-111	GCA_949125295.1	16	18	heterozygous	3
CRL	C-6	GCA_949125125.1	16	16	homozygous	2
