strain	assembly	n_calls	elapsed_s	max_rss_mb	trace_matches_pcan	fimo_pass1_hits
AAB	long	16	8.3	99	yes	49
AAB	short	16	10.6	96	yes	52
AAC	long	16	8.3	99	yes	48
AAC	short	18	12.5	96	yes	60
AAR	long	16	8.3	101	yes	50
AAR	short	16	9.6	96	yes	51
ABA	long	16	8.5	101	yes	52
ABA	short	16	9.4	96	yes	50
ABH	long	16	8.8	100	yes	46
ABH	short	16	10.0	96	yes	47
ACA	long	16	9.4	101	yes	47
ACA	short	17	10.0	96	yes	47
ACH	long	16	9.3	101	yes	49
ACH	short	16	10.8	96	yes	49
ADE	long	16	10.2	99	yes	50
ADE	short	16	8.8	96	yes	50
ADI	long	16	10.3	101	yes	49
ADI	short	16	11.3	96	yes	50
ADM	long	16	9.1	100	yes	45
ADM	short	16	14.2	95	yes	62
ADQ	long	16	9.0	101	yes	47
ADQ	short	16	9.4	97	yes	49
ADS	long	16	9.5	101	yes	50
ADS	short	16	9.9	96	yes	53
AEG	long	16	9.9	101	yes	50
AEG	short	16	10.1	96	yes	51
AEH	long	16	9.6	101	yes	51
AEH	short	16	10.2	96	yes	52
AEL	long	16	9.9	100	yes	52
AEL	short	18	14.6	96	yes	57
AFH	long	16	10.8	99	yes	48
AFH	short	16	10.7	96	yes	47
AFI	long	16	10.8	100	yes	50
AFI	short	16	12.0	96	yes	50
AGK	long	16	11.0	101	yes	47
AGK	short	17	15.6	96	yes	47
AHG	long	16	10.9	101	yes	50
AHG	short	16	14.0	96	yes	52
AHL	long	16	10.5	101	yes	49
AHL	short	16	16.0	96	yes	50
AIC	long	16	13.7	100	yes	52
AIC	short	16	15.0	97	yes	52
AIE	long	16	14.6	101	yes	48
AIE	short	16	14.8	96	yes	50
AIF	long	16	16.3	100	yes	50
AIF	short	16	19.1	96	yes	55
AIG	long	16	14.6	101	yes	48
AIG	short	16	15.9	97	yes	49
AKR	long	16	14.3	101	yes	49
AKR	short	16	15.3	97	yes	48
ALI	long	16	19.0	100	yes	50
ALI	short	16	23.9	96	yes	52
ANE	long	16	15.2	99	yes	50
ANE	short	16	22.3	97	yes	52
ANL	long	16	14.3	99	yes	53
ANL	short	29	64.2	96	yes	100
ANM	long	16	18.4	99	yes	52
ANM	short	26	51.7	96	yes	80
APG	long	16	23.6	101	yes	50
APG	short	16	24.3	96	yes	50
ASB	long	16	27.9	101	yes	48
ASB	short	18	51.2	96	yes	64
ASG	long	16	19.2	100	yes	51
ASG	short	16	20.8	96	yes	50
ASN	long	16	21.6	99	yes	45
ASN	short	17	23.7	95	yes	55
ATV	long	16	23.1	100	yes	50
ATV	short	22	36.6	95	yes	83
AVB	long	16	15.6	100	yes	46
AVB	short	16	16.7	97	yes	52
AVN	long	16	14.5	99	yes	52
AVN	short	17	32.7	96	yes	82
BAD	long	16	12.8	101	yes	50
BAD	short	16	20.1	96	yes	63
BAF	long	17	13.2	101	yes	49
BAF	short	16	18.5	96	yes	50
BAH	long	16	12.7	100	yes	47
BAH	short	16	15.3	96	yes	49
BAM	long	16	13.5	102	yes	48
BAM	short	16	14.9	95	yes	49
BBF	long	16	14.3	99	yes	48
BBF	short	17	19.8	96	yes	56
BBL	long	16	11.4	101	yes	50
BBL	short	16	15.3	97	yes	51
BBT	long	15	11.8	101	yes	46
BBT	short	24	29.0	95	yes	69
BCN	long	16	13.0	99	yes	47
BCN	short	17	14.9	96	yes	48
BEM	long	16	13.2	100	yes	51
BEM	short	19	25.9	95	yes	73
BFH	long	16	14.3	100	yes	50
BFH	short	16	18.8	96	yes	60
BHH	long	16	13.7	101	yes	47
BHH	short	16	14.7	96	yes	49
BMB	long	16	13.7	100	yes	47
BMB	short	16	12.8	97	yes	47
BPG	long	16	14.0	101	yes	50
BPG	short	16	11.7	96	yes	52
BPK	long	16	15.1	100	yes	49
BPK	short	16	13.5	96	yes	52
BTE	long	16	11.1	100	yes	48
BTE	short	28	35.3	95	yes	77
CBK	long	16	11.8	101	yes	48
CBK	short	16	14.3	97	yes	50
CBM	long	16	11.1	101	yes	44
CBM	short	16	23.7	96	yes	66
CCN	long	16	11.7	100	yes	48
CCN	short	16	12.4	97	yes	52
CDA	long	16	11.0	100	yes	47
CDA	short	15	18.5	96	yes	47
CFA	long	16	13.0	101	yes	44
CFA	short	15	12.3	97	yes	49
CFC	long	16	12.8	101	yes	49
CFC	short	21	29.0	95	yes	87
CFF	long	16	12.5	101	yes	45
CFF	short	17	16.7	96	yes	63
CFS	long	16	10.5	101	yes	50
CFS	short	16	13.1	96	yes	50
CIC	long	16	12.3	100	yes	51
CIC	short	18	19.8	96	yes	61
CIH	long	16	14.1	102	yes	48
CIH	short	17	19.9	96	yes	52
CKB	long	16	12.7	101	yes	50
CKB	short	16	14.4	97	yes	53
CLL	long	15	12.8	100	yes	47
CLL	short	16	14.0	96	yes	49
CLN	long	16	12.5	100	yes	48
CLN	short	16	12.9	96	yes	49
CMF	long	16	12.3	101	yes	48
CMF	short	16	17.6	97	yes	52
CNT	long	16	11.8	101	yes	48
CNT	short	16	18.6	96	yes	53
CPS	long	16	12.3	100	yes	49
CPS	short	14	19.6	96	yes	59
CRE	long	16	12.2	101	yes	46
CRE	short	18	21.3	95	yes	63
CRL	long	16	13.8	101	yes	50
CRL	short	16	10.6	96	yes	53
