strain	short_calls	short_calls_without_long_counterpart
AAB	16	0
AAC	18	4
AAR	16	0
ABA	16	0
ABH	16	0
ACA	17	1
ACH	16	0
ADE	16	0
ADI	16	0
ADM	16	5
ADQ	16	0
ADS	16	0
AEG	16	0
AEH	16	0
AEL	18	5
AFH	16	0
AFI	16	0
AGK	17	1
AHG	16	0
AHL	16	0
AIC	16	0
AIE	16	0
AIF	16	0
AIG	16	0
AKR	16	0
ALI	16	2
ANE	16	0
ANL	29	25
ANM	26	18
APG	16	0
ASB	18	6
ASG	16	0
ASN	17	3
ATV	22	11
AVB	16	0
AVN	17	12
BAD	16	6
BAF	16	1
BAH	16	0
BAM	16	0
BBF	17	3
BBL	16	0
BBT	24	17
BCN	17	2
BEM	19	9
BFH	16	2
BHH	16	0
BMB	16	0
BPG	16	1
BPK	16	0
BTE	28	25
CBK	16	0
CBM	16	4
CCN	16	0
CDA	15	0
CFA	15	1
CFC	21	17
CFF	17	3
CFS	16	0
CIC	18	4
CIH	17	3
CKB	16	0
CLL	16	1
CLN	16	0
CMF	16	0
CNT	16	0
CPS	14	2
CRE	18	7
CRL	16	0
