strain	n_sequences	total_length	sequence_n50	contig_n50	contig_l50	n_contigs	n_gap_runs	gap_bases
AAB	5814	12362047	127513	87371	42	5985	171	12079
AAC	4908	14102010	70504	34878	116	5343	435	28060
AAR	3060	12097491	132393	90669	37	3238	178	11819
ABA	2557	12016484	136112	106131	33	2748	191	15790
ABH	1866	11978627	150031	102733	35	2031	165	14722
ACA	4722	12182221	135200	100452	38	4866	144	10411
ACH	7145	12389975	129677	108205	38	7310	165	12112
ADE	1654	11888642	173708	122543	30	1772	118	10436
ADI	6983	12314491	175751	122773	32	7161	178	12440
ADM	5934	15279511	51326	30493	151	6399	465	29669
ADQ	3068	11938966	177639	114991	25	3232	164	12494
ADS	3302	11970148	157360	123460	33	3449	147	11425
AEG	2176	12048110	113716	64716	59	2416	240	15911
AEH	3140	12024296	134150	99330	40	3322	182	15518
AEL	7695	15291229	64484	36310	114	8124	429	28064
AFH	5465	12130594	119635	81758	43	5698	233	19683
AFI	2683	11916104	130981	87570	37	2899	216	16803
AGK	9979	12572138	128289	109713	34	10063	84	7034
AHG	1487	11845470	190858	128231	28	1650	163	11929
AHL	3442	12042343	139945	111033	34	3593	151	11210
AIC	1996	11827231	141001	93665	38	2234	238	19397
AIE	1547	11893379	145628	97422	39	1703	156	10968
AIF	4032	12402848	124750	69956	54	4292	260	19625
AIG	2442	11989066	137724	84625	37	2650	208	14148
AKR	2947	12268933	135459	79733	49	3221	274	19879
ALI	4590	13632123	71522	47844	84	4894	304	23847
ANE	2008	11972467	178778	125795	27	2161	153	11627
ANL	20395	14378951	37891	6136	527	22716	2321	157257
ANM	18051	14013479	39426	7288	451	20149	2098	132740
APG	2539	11966055	155056	108973	38	2699	160	11434
ASB	17185	15148046	56560	34265	127	17530	345	20246
ASG	1356	11745681	175886	106864	33	1477	121	8725
ASN	5490	13679251	59403	29298	131	5982	492	30053
ATV	19107	15137373	27528	8701	381	20888	1781	108332
AVB	3230	12044751	135363	100970	37	3430	200	16677
AVN	18379	13818468	43678	6795	476	20512	2133	135087
BAD	4798	13742766	78105	41559	90	5226	428	28308
BAF	5053	14692893	74363	41524	92	5407	354	22089
BAH	3114	12089915	114344	96458	40	3252	138	8986
BAM	2783	12057589	91813	73597	54	2972	189	16111
BBF	7763	14715154	62376	34715	120	8280	517	31436
BBL	3742	12123354	125280	96432	39	3977	235	20430
BBT	16508	16461333	28227	12744	329	17863	1355	93532
BCN	2643	11902454	129156	97390	39	2865	222	17710
BEM	11282	13081428	62452	12433	220	12727	1445	89832
BFH	4876	13406161	72737	27463	143	5431	555	57023
BHH	4033	12079580	133788	98397	39	4206	173	12561
BMB	1410	11870281	139547	75348	48	1589	179	22129
BPG	1197	11723577	142380	79879	46	1354	157	13277
BPK	2418	12156343	180202	70153	55	2683	265	26398
BTE	33389	16706557	15889	3413	1096	36636	3247	219828
CBK	5173	12260255	126495	87896	45	5420	247	26882
CBM	11209	16935500	36997	21810	228	11841	632	53441
CCN	2598	12028269	250308	113954	30	2816	218	27215
CDA	6141	12301291	134297	100660	39	6341	200	23920
CFA	3780	12041706	143127	86706	40	4060	280	29057
CFC	18495	15937130	28621	8725	395	20405	1910	148015
CFF	5939	14240890	77151	37052	99	6372	433	35195
CFS	2057	11869616	225881	93731	37	2280	223	26027
CIC	5277	14767092	85085	38084	100	5676	399	39599
CIH	5284	14811376	70566	38087	99	5746	462	42765
CKB	1951	11972518	213553	91894	38	2126	175	18747
CLL	2246	11991978	160513	79333	43	2454	208	16949
CLN	2772	11986746	177889	99573	36	2988	216	26503
CMF	6460	12824369	172437	83604	48	6709	249	31799
CNT	7236	14314892	79751	33437	115	7831	595	51248
CPS	6657	14024030	78896	28303	142	7332	675	48934
CRE	14510	16175377	33236	13398	289	15877	1367	103342
CRL	3778	12015581	217426	113724	34	4018	240	16049
